year,title,category,is_conjoint,tess_id,osf_code,study_id,in_socsci210,socsci210_rows,buildable,osf_type,data_kind,data_file,data_bytes,has_questionnaire,tess_url,osf_url,data_download,is_new
2024,Membership in a stigmatized religious minority and political support,cross-national,,golebiowska1700,ysqex,,no,,yes,nodes,zip,Golebiowska1700.zip,4502908,no,https://tessexperiments.org/study/golebiowska1700,https://osf.io/ysqex/,https://osf.io/download/qzesd/,
2021,Judgments of Extremism and Social Information,cross-national,,busby1344,hjn6m,hjn6m,yes,48550,pull-socsci210,,in-socsci210,,,,https://tessexperiments.org/study/busby1344,https://osf.io/hjn6m/,,
2019,Do Women Make More Credible Threats? Gender Stereotypes and Crisis Bargaining,cross-national,,blair1131,8u3vd,,no,,yes,nodes,zip,Blair1131.zip,1057081,no,https://tessexperiments.org/study/blair1131,https://osf.io/8u3vd/,https://osf.io/download/a76vt/,
2018,"Are Religions Gender-Typed? The Perceived Femininity and Masculinity of Christians, Jews, Muslims, and Atheists",cross-national,,schnabel903,xk9ch,,no,,yes,nodes,zip,Schnabel903.zip,830044,yes,https://tessexperiments.org/study/schnabel903,https://osf.io/xk9ch/,https://osf.io/download/kvw3x/,
2018,"Human Rights Shaming, Compliance, and Nationalist Backlash",cross-national,,terman1029,q8ra3,q8ra3,yes,20837,pull-socsci210,,in-socsci210,,,,https://tessexperiments.org/study/terman1029,https://osf.io/q8ra3/,,
2012,Stigmatization as an Explanation for the Authoritarianism of the Uneducated,cross-national,,brandt267,qt5sk,,no,,yes,nodes,zip,Brandt267.zip,351825,no,https://tessexperiments.org/study/brandt267,https://osf.io/qt5sk/,https://osf.io/download/5w2uy/,
2011,Do Injustice and Power Determine Anger and Fear Toward Terrorist Groups?,cross-national,,ginersorolla136,4zwv2,4zwv2,yes,25290,pull-socsci210,,in-socsci210,,,,https://tessexperiments.org/study/ginersorolla136,https://osf.io/4zwv2/,,
2010,Civilian casualties and support for war: A comparative study,cross-national,,johns798,32rvm,,no,,yes,nodes,zip,Johns798.zip,189061,no,https://tessexperiments.org/study/johns798,https://osf.io/32rvm/,https://osf.io/download/rwe47/,
2010,When Others' Disbelief Engenders Prejudice: Characterizing Anti-Atheist Bias in America,cross-national,,swan095,7jt2f,7jt2f,yes,3053,pull-socsci210,,in-socsci210,,,,https://tessexperiments.org/study/swan095,https://osf.io/7jt2f/,,
2023,Complexity and Carbon Policy,economics/behavioural,,voraM28,qbd8p,,no,,yes,nodes,zip,VoraM28.zip,1736690,no,https://tessexperiments.org/study/voraM28,https://osf.io/qbd8p/,https://osf.io/download/p62uw/,
2023,Taxed or Indebted: Popular Preferences for Fiscal Instruments,economics/behavioural,,maurel1594,dj4ez,,no,,yes,nodes,zip,maurel1594.zip,2491018,no,https://tessexperiments.org/study/maurel1594,https://osf.io/dj4ez/,https://osf.io/download/wy4sh/,
2023,Why do Governments Use Inefficient Environmental Policies?,economics/behavioural,,taubinsky1559,tqhjv,,no,,yes,nodes,zip,taubinsky1559.zip,5732405,no,https://tessexperiments.org/study/taubinsky1559,https://osf.io/tqhjv/,https://osf.io/download/cevwj/,
2022,Accounting for the Correlation between Perceived Risks and Rewards to Crime,economics/behavioural,,bucci1408,4fsg5,4fsg5,yes,43105,pull-socsci210,,in-socsci210,,,,https://tessexperiments.org/study/bucci1408,https://osf.io/4fsg5/,,
2022,Consuming Values: Estimating Consumer Demand for Corporate Social Responsibility,economics/behavioural,,conway1415,w7mnc,w7mnc,yes,52899,pull-socsci210,,in-socsci210,,,,https://tessexperiments.org/study/conway1415,https://osf.io/w7mnc/,,
2021,Two-Sided Collective Action: An Experimental Study of Grocery Consumers’ Behavior,economics/behavioural,,elliott-negri1320,x2ztf,x2ztf,yes,12009,pull-socsci210,,in-socsci210,,,,https://tessexperiments.org/study/elliott-negri1320,https://osf.io/x2ztf/,,
2020,Temporal orientation and energy saving investments: a survey experiment,economics/behavioural,,silviS56,dtgp7,,no,,yes,nodes,zip,SilviS56.zip,1024420,no,https://tessexperiments.org/study/silviS56,https://osf.io/dtgp7/,https://osf.io/download/4h3rt/,
2018,Inattention to Game Form,economics/behavioural,,martinS11,m7vhz,m7vhz,yes,6048,pull-socsci210,,in-socsci210,,,,https://tessexperiments.org/study/martinS11,https://osf.io/m7vhz/,,
2016,Draining Social Ties and Financial Decision Making,economics/behavioural,,richman839,jh5re,,no,,no-access,?,err,,0,no,https://tessexperiments.org/study/richman839,https://osf.io/jh5re/,,
2016,How Does Economic Status Affect Social Preferences? Experimental Evidence,economics/behavioural,,roth766,h6zk9,h6zk9,yes,2269,pull-socsci210,,in-socsci210,,,,https://tessexperiments.org/study/roth766,https://osf.io/h6zk9/,,
2016,Understanding the Expense Prediction Bias,economics/behavioural,,howard823,ztwqy,ztwqy,yes,14550,pull-socsci210,,in-socsci210,,,,https://tessexperiments.org/study/howard823,https://osf.io/ztwqy/,,
2015,Lay Benchmarking of a Minimum Meaningful Effect Size for Conceptual Outcomes,economics/behavioural,,giner-sorollaB40,wwdqf,,no,,yes,nodes,zip,Giner-SorollaB40.zip,559057,no,https://tessexperiments.org/study/giner-sorollaB40,https://osf.io/wwdqf/,https://osf.io/download/scvgb/,
2015,"Prosocial Motivation, Social Position, and Support for Social Welfare Policy",economics/behavioural,,wichowsky518,u8bhg,,no,,yes,nodes,direct-data,TESS3_161_Wichowsky_Client.sav,659950,yes,https://tessexperiments.org/study/wichowsky518,https://osf.io/u8bhg/,https://osf.io/download/fer98/,
2015,Saving for retirement vs. Saving for a retirement with others: Motivating saving by framing retirement as a social experience,economics/behavioural,,chabot647,sffyb,sffyb,yes,15609,pull-socsci210,,in-socsci210,,,,https://tessexperiments.org/study/chabot647,https://osf.io/sffyb/,,
2014,Do Better Labels Lead to Better Choices? Evidence from Energy Efficient Labels,economics/behavioural,,metcalf541,rs65g,rs65g,yes,5514,pull-socsci210,,in-socsci210,,,,https://tessexperiments.org/study/metcalf541,https://osf.io/rs65g/,,
2013,Examining How Message Characteristics Influence Support for Gasoline Tax Increases,economics/behavioural,,mccrightkaplowitz160,w8ezk,,no,,yes,registrations,direct-data,TESS3132_Kaplowitz_Client.sav,196853,yes,https://tessexperiments.org/study/mccrightkaplowitz160,https://osf.io/w8ezk/,https://osf.io/download/rhgpx/,
2013,Giving as Habit? Exploring Modes of Cognition and Charitable Donations,economics/behavioural,,hill329,tcagq,,no,,no-access,?,err,,0,no,https://tessexperiments.org/study/hill329,https://osf.io/tcagq/,,
2012,"Believing in ""global warming"" versus ""climate change"": Exploring the psychological mechanisms of a framing effect",economics/behavioural,,schuldt301,hqgva,,no,,yes,nodes,zip,Schuldt301.zip,440387,no,https://tessexperiments.org/study/schuldt301,https://osf.io/hqgva/,https://osf.io/download/g8c5p/,
2012,Exponential Growth Bias: Theory and Experiments,economics/behavioural,,tasoff223,e3gjs,,no,,yes,nodes,zip,jeea12149-sup-0001-suppmat.zip,449305,no,https://tessexperiments.org/study/tasoff223,https://osf.io/e3gjs/,https://osf.io/download/yq4w2/,
2011,But how do you feel about climate change? Assessing affective reactions to climate change,economics/behavioural,,swim059,gzdnf,gzdnf,yes,10817,pull-socsci210,,in-socsci210,,,,https://tessexperiments.org/study/swim059,https://osf.io/gzdnf/,,
2011,Do Policy Defaults Communicate Choice-Relevant Information?,economics/behavioural,,tannenbaum103,c5r2f,c5r2f,yes,4375,pull-socsci210,,in-socsci210,,,,https://tessexperiments.org/study/tannenbaum103,https://osf.io/c5r2f/,,
2010,Communicating Uncertainty in the Reports of the Intergovernmental Panel on Climate Change,economics/behavioural,,budescu779,gf5sm,,no,,yes,nodes,zip,Budescu779.zip,251467,no,https://tessexperiments.org/study/budescu779,https://osf.io/gf5sm/,https://osf.io/download/hmgyz/,
2010,"Environmental Values, Beliefs, and Behavior",economics/behavioural,,turaga789,euw7p,,no,,yes,nodes,zip,Turaga789.zip,135791,no,https://tessexperiments.org/study/turaga789,https://osf.io/euw7p/,https://osf.io/download/4uwnd/,
2010,"Gasoline Prices, Inattentive Consumers, and the Energy Paradox",economics/behavioural,,allcott034,c956y,c956y,yes,33318,pull-socsci210,,in-socsci210,,,,https://tessexperiments.org/study/allcott034,https://osf.io/c956y/,,
2010,"Gasoline Prices, Inattentive Consumers, and the Energy Paradox",economics/behavioural,,allcott731,jf6a9,,no,,yes,nodes,zip,Allcott731.zip,419239,no,https://tessexperiments.org/study/allcott731,https://osf.io/jf6a9/,https://osf.io/download/b2gyn/,
2009,Attitudes toward Risk and Electoral Decision-Making,economics/behavioural,,kam679,kr7n9,,no,,yes,nodes,zip,Kam679.zip,149553,no,https://tessexperiments.org/study/kam679,https://osf.io/kr7n9/,https://osf.io/download/vgk57/,
2009,Onset and Offset Controllability in Perceptions and Reactions to Home Mortgage Foreclosures,economics/behavioural,,brandt708,uf5qm,,no,,yes,nodes,zip,Brandt.zip,127368,no,https://tessexperiments.org/study/brandt708,https://osf.io/uf5qm/,https://osf.io/download/ztv8d/,
2009,What Not to Say When Asking for Donations: How the Content of Requests Affects Participation,economics/behavioural,,levine707,r5d6k,,no,,yes,nodes,zip,Levine707.zip,343918,no,https://tessexperiments.org/study/levine707,https://osf.io/r5d6k/,https://osf.io/download/8aubx/,
2006,A randomized experiment on the determinants of generosity to the poor,economics/behavioural,,fong480,u2dbt,,no,,yes,registrations,direct-data,nber_foodpantry_all_final.dta,261155,yes,https://tessexperiments.org/study/fong480,https://osf.io/u2dbt/,https://osf.io/download/a7e2y/,
2005,Determinants of Trust: A Comparative Analysis,economics/behavioural,,schupp249,gy5kn,,no,,yes,registrations,direct-data,tess16_schupp_p1_data_CLIENT.sav,110896,yes,https://tessexperiments.org/study/schupp249,https://osf.io/gy5kn/,https://osf.io/download/565cf8ad8c5e4a3871d74ce6/,
2005,Studying the Effect of Income on Punitive Attitudes with a Two-List Factorial,economics/behavioural,,yocom295,pkfdr,,no,,yes,registrations,direct-data,tess34_yocom_client.sav,105056,yes,https://tessexperiments.org/study/yocom295,https://osf.io/pkfdr/,https://osf.io/download/wz84k/,
2005,Who has Narrow Brackets?,economics/behavioural,,weizsacker347,e5rfg,,no,,yes,registrations,direct-data,TESS56_client.sav,202612,yes,https://tessexperiments.org/study/weizsacker347,https://osf.io/e5rfg/,https://osf.io/download/3562b/,
2004,Trust and Risk,economics/behavioural,,bohnet192,rf79p,,no,,yes,registrations,direct-data,TESS_Bohnet_Combined_Client.sav,66916,yes,https://tessexperiments.org/study/bohnet192,https://osf.io/rf79p/,https://osf.io/download/5n4vs/,
2003,Game Responses as Survey Instruments: Measuring the Constituents of Social Capital,economics/behavioural,,houser118,gyrp9,,no,,yes,registrations,direct-data,Houser.sav,272876,yes,https://tessexperiments.org/study/houser118,https://osf.io/gyrp9/,https://osf.io/download/d3ewp/,
2024,Self-Affirmation Intervention for Weight Bias Internalization,health communication,,bowers1607,h6m8g,,no,,no-access,nodes,none,,0,no,https://tessexperiments.org/study/bowers1607,https://osf.io/h6m8g/,,
2022,"Causal Attributions, Treatability, and Mental Illness Stigma: An Experimental Study",health communication,,elliottM14,zaqkm,zaqkm,yes,9528,pull-socsci210,,in-socsci210,,,,https://tessexperiments.org/study/elliottM14,https://osf.io/zaqkm/,,
2022,Do Sustainability Labels Lead to More Sustainable and Healthier Food Choices?,health communication,,wolfson1443,egmxd,egmxd,yes,90977,pull-socsci210,,in-socsci210,,,,https://tessexperiments.org/study/wolfson1443,https://osf.io/egmxd/,,
2021,Understanding Effects of Communicating Different Types of Conflicting Information About Nutrition and Cancer Risk,health communication,,iles1294,s6urt,,no,,yes,nodes,zip,Iles1294.zip,2478299,yes,https://tessexperiments.org/study/iles1294,https://osf.io/s6urt/,https://osf.io/download/3a7nq/,
2020,Do the benefits of receiving affectionate touch generalize beyond satisfied couples?,health communication,,jakubiak1098,zx5b8,zx5b8,yes,22438,pull-socsci210,,in-socsci210,,,,https://tessexperiments.org/study/jakubiak1098,https://osf.io/zx5b8/,,
2020,Does Self-affirmation Influence Health Message Processing through Changes in Construal Levels?,health communication,,xuan1195,zyqcj,,no,,yes,nodes,zip,Xuan1195.zip,1539014,no,https://tessexperiments.org/study/xuan1195,https://osf.io/zyqcj/,https://osf.io/download/uz6md/,
2019,Public Perceptions of Prenatal Alcohol Consumption,health communication,,calarcoS38,dh3nj,dh3nj,yes,4001,pull-socsci210,,in-socsci210,,,,https://tessexperiments.org/study/calarcoS38,https://osf.io/dh3nj/,,
2017,Does Misery Love Company?: Exploration of a Strategic Intervention to Improve Well-being,health communication,,farrowS6,bf8p2,bf8p2,yes,1998,pull-socsci210,,in-socsci210,,,,https://tessexperiments.org/study/farrowS6,https://osf.io/bf8p2/,,
2016,Conflict between curative and palliative goals among health care personnel: Elucidating psychological processes and resolving conflict through self-affirmation,health communication,,ferrer825,a42yg,a42yg,yes,8524,pull-socsci210,,in-socsci210,,,,https://tessexperiments.org/study/ferrer825,https://osf.io/a42yg/,,
2016,"Interest in Cancer Screening Tests That Lack Benefits: The Role of Cancer Worry, Perceived Cancer Risk, and Perceived Test Risk",health communication,,scherer712,ewu2a,,no,,yes,nodes,zip,Scherer712.zip,795888,no,https://tessexperiments.org/study/scherer712,https://osf.io/ewu2a/,https://osf.io/download/yj8x3/,
2016,Portrayals of Serious Mental Illness: Precursor to Violence or Treatable Health Condition?,health communication,,mcginty730,zv3wc,zv3wc,yes,37891,pull-socsci210,,in-socsci210,,,,https://tessexperiments.org/study/mcginty730,https://osf.io/zv3wc/,,
2015,Self-Affirmation and Defensiveness to Health Messages for the Self vs a Close Other,health communication,,ferrer549,dvwu7,,no,,yes,nodes,zip,Ferrer549.zip,549506,no,https://tessexperiments.org/study/ferrer549,https://osf.io/dvwu7/,https://osf.io/download/3w28h/,
2015,Self-Affirmation and Implementation Intentions: The Moderating Role of Discrete Emotion,health communication,,ferrer580,yb3wd,,no,,yes,nodes,zip,Ferrer580.zip,923110,no,https://tessexperiments.org/study/ferrer580,https://osf.io/yb3wd/,https://osf.io/download/5zuth/,
2015,What fosters patients' acceptance of Clinical Decision Support Systems? The influence of knowledge and provider type on popular willingness to use artificial medical intelligence,health communication,,mclaughlin672,a5v96,a5v96,yes,7229,pull-socsci210,,in-socsci210,,,,https://tessexperiments.org/study/mclaughlin672,https://osf.io/a5v96/,,
2014,"Body Size, Illness, and Blame: Causal Attributions and Social Consequences",health communication,,powroznik482,7tzpe,,no,,yes,registrations,direct-data,TESS3_156_Powroznik_Client.sav,725021,yes,https://tessexperiments.org/study/powroznik482,https://osf.io/7tzpe/,https://osf.io/download/muvnw/,
2014,Emotion and Response to Physician-Provided Genetic Weight Management Messages,health communication,,persky348,savkp,savkp,yes,4564,pull-socsci210,,in-socsci210,,,,https://tessexperiments.org/study/persky348,https://osf.io/savkp/,,
2014,Randomized Drug Trials without Consent? The Public's Perspective,health communication,,nayak609,z358z,z358z,yes,10445,pull-socsci210,,in-socsci210,,,,https://tessexperiments.org/study/nayak609,https://osf.io/z358z/,,
2013,An experiment on the presumption of consent to emergency medical treatment,health communication,,chiong300,3xy9j,3xy9j,yes,25482,pull-socsci210,,in-socsci210,,,,https://tessexperiments.org/study/chiong300,https://osf.io/3xy9j/,,
2013,Effects of a Randomized Experiment Portraying Mental Illness and Drug Abuse as Treatable Health Conditions,health communication,,McGinty397,sm7qn,,no,,yes,registrations,direct-data,TESS3_149_McGinty_Final_Client.sav,417465,yes,https://tessexperiments.org/study/McGinty397,https://osf.io/sm7qn/,https://osf.io/download/m8qk7/,
2012,Behavioral Reactions to Skin Infections: Informing Agent-Based Modeling of the MRSA Epidemic,health communication,,wegener185,jkspw,jkspw,yes,19786,pull-socsci210,,in-socsci210,,,,https://tessexperiments.org/study/wegener185,https://osf.io/jkspw/,,
2012,Self-Affirmation and Affect: Effects on Implementation Intentions,health communication,,koblitz279,sh4px,sh4px,yes,11532,pull-socsci210,,in-socsci210,,,,https://tessexperiments.org/study/koblitz279,https://osf.io/sh4px/,,
2011,Smallpox Vaccine Recommendations: Could Trust be a Shot in the Arm?,health communication,,parmer138,jf46x,jf46x,yes,10155,pull-socsci210,,in-socsci210,,,,https://tessexperiments.org/study/parmer138,https://osf.io/jf46x/,,
2010,Patient Responses to Medical Error Disclosure: Does Compensation Matter?,health communication,,mello037,ndhyr,ndhyr,yes,13423,pull-socsci210,,in-socsci210,,,,https://tessexperiments.org/study/mello037,https://osf.io/ndhyr/,,
2008,Altruism versus Induced Empathy in Recruitment for Blood Donations,health communication,,nash123,z867d,,no,,no-access,?,err,,0,no,https://tessexperiments.org/study/nash123,https://osf.io/z867d/,,
2008,Motivating Emergency Preparedness Behaviors: The Effects of Guilt Appeals and Guilty Feelings,health communication,,turner613,a7yw8,,no,,yes,registrations,direct-data,tessDHS07_turner_final_data.sav,50472,yes,https://tessexperiments.org/study/turner613,https://osf.io/a7yw8/,https://osf.io/download/565371e98c5e4a2a337d67c8/,
2008,Two-Sided Messages and Pandemic Flu: Persuading the Public to Follow Contradictory Government Directives,health communication,,hilyard638,5fu2b,,no,,yes,registrations,direct-data,TESS108_Hilyard_final_data.sav,121412,yes,https://tessexperiments.org/study/hilyard638,https://osf.io/5fu2b/,https://osf.io/download/565353918c5e4a2a2d7d58c4/,
2006,The impact of genetic causation of mental illness on attitudes and beliefs toward the illness,health communication,,phelan401,agbrd,,no,,yes,registrations,direct-data,Phelan_Final.sav,217281,yes,https://tessexperiments.org/study/phelan401,https://osf.io/agbrd/,https://osf.io/download/q5hzf/,
2004,Measuring Perceptions and Attitudes about Overweight and Obesity,health communication,,oliver159,m8y47,,no,,yes,registrations,direct-data,TESS_Oliver_Client.sav,131852,yes,https://tessexperiments.org/study/oliver159,https://osf.io/m8y47/,https://osf.io/download/eam58/,
2004,"Shame, Blame and Contamination: Mental Illness Stigma and the Family",health communication,,corrigan201,wrdm4,,no,,yes,registrations,direct-data,TESS_Corrigan_Client.sav,110516,yes,https://tessexperiments.org/study/corrigan201,https://osf.io/wrdm4/,https://osf.io/download/yfjp3/,
2004,The Role of Gender Stereotypes in Mental Illness Stigma,health communication,,bodenhausen174,2awmn,,no,,yes,registrations,direct-data,TESS_Bodenhausen_Client.sav,59640,yes,https://tessexperiments.org/study/bodenhausen174,https://osf.io/2awmn/,https://osf.io/download/3d7up/,
2023,Are Moral Values Uniquely Divisive?,moral/social/cognition,,clifford1553,8z9h5,,no,,yes,nodes,zip,clifford1553.zip,6740467,no,https://tessexperiments.org/study/clifford1553,https://osf.io/8z9h5/,https://osf.io/download/nbr4z/,
2023,Does Allowing Firms to Pay to Pollute Reduce the Moral Stigma of Pollution?,moral/social/cognition,,kim1585,bvkfc,bvkfc,yes,27056,pull-socsci210,,in-socsci210,,,,https://tessexperiments.org/study/kim1585,https://osf.io/bvkfc/,,
2023,Paternalism and Deliberation,moral/social/cognition,,grossman1691,f2zvx,,no,,yes,nodes,zip,Grossman1691.zip,4481269,no,https://tessexperiments.org/study/grossman1691,https://osf.io/f2zvx/,https://osf.io/download/e7gxh/,
2023,Whose is the conventional thought?,moral/social/cognition,,quadlin1688,xweq8,xweq8,yes,20715,pull-socsci210,,in-socsci210,,,,https://tessexperiments.org/study/quadlin1688,https://osf.io/xweq8/,,
2022,Optimizing Schools? Public Perceptions of Algorithmic versus Status Quo Prioritization in K-12 Schooling,moral/social/cognition,,johnson1389,v3bfk,v3bfk,yes,9699,pull-socsci210,,in-socsci210,,,,https://tessexperiments.org/study/johnson1389,https://osf.io/v3bfk/,,
2021,Blame and Bias in Trust in Public Policy Algorithms,moral/social/cognition,,ozer1324,9xw67,9xw67,yes,5313,pull-socsci210,,in-socsci210,,,,https://tessexperiments.org/study/ozer1324,https://osf.io/9xw67/,,
2021,Educational Rankings and Adolescent Perceptions of College Cost,moral/social/cognition,,chu1236,yc2qb,yc2qb,yes,6308,pull-socsci210,,in-socsci210,,,,https://tessexperiments.org/study/chu1236,https://osf.io/yc2qb/,,
2021,How to increase the acceptance of mobile app and sensor data collection?,moral/social/cognition,,wenz1387,b87sm,b87sm,yes,19480,pull-socsci210,,in-socsci210,,,,https://tessexperiments.org/study/wenz1387,https://osf.io/b87sm/,,
2021,When and How Teachers Communicate Growth Mindset Affordances to Adolescents,moral/social/cognition,,hecht1248,4w9pz,4w9pz,yes,4767,pull-socsci210,,in-socsci210,,,,https://tessexperiments.org/study/hecht1248,https://osf.io/4w9pz/,,
2021,"Which College Graduates are Perceived as Trainable for Today’s Work World? Perceptions of Race, Gender, Achievement, and the Liberal Arts",moral/social/cognition,,quadlin1348,mebw9,mebw9,yes,43959,pull-socsci210,,in-socsci210,,,,https://tessexperiments.org/study/quadlin1348,https://osf.io/mebw9/,,
2019,"Introducing a Novel Framework for Understanding The Relationships Between Busyness, Idleness, and Happiness",moral/social/cognition,,rifkin1073,j6xgs,j6xgs,yes,11748,pull-socsci210,,in-socsci210,,,,https://tessexperiments.org/study/rifkin1073,https://osf.io/j6xgs/,,
2019,"Social Class, College Debt, and the Purpose of College",moral/social/cognition,,cohen1099,5b6tf,5b6tf,yes,27175,pull-socsci210,,in-socsci210,,,,https://tessexperiments.org/study/cohen1099,https://osf.io/5b6tf/,,
2018,Women’s College Advantage and Public Perception of College Value in the Labor Market,moral/social/cognition,,Mireles1019,m52pd,m52pd,yes,32225,pull-socsci210,,in-socsci210,,,,https://tessexperiments.org/study/Mireles1019,https://osf.io/m52pd/,,
2016,Influence of Affect on Philosophical Intuitions,moral/social/cognition,,galesic90,vygjh,,no,,yes,nodes,zip,Galesic090.zip,380521,no,https://tessexperiments.org/study/galesic90,https://osf.io/vygjh/,https://osf.io/download/5c63f/,
2015,Does Inequality Activate the System Justification Motivation?,moral/social/cognition,,trump605,b3n7s,,no,,yes,nodes,zip,Trump605.zip,165431,no,https://tessexperiments.org/study/trump605,https://osf.io/b3n7s/,https://osf.io/download/x7d65/,
2015,The Barriers of Buying Happier Time,moral/social/cognition,,whillans626,zrwjp,zrwjp,yes,2531,pull-socsci210,,in-socsci210,,,,https://tessexperiments.org/study/whillans626,https://osf.io/zrwjp/,,
2014,Do Collective Memory and Autobiographical Memory Refer to Different Developmental Stages?,moral/social/cognition,,schuman601,phbjd,,no,,yes,nodes,direct-data,NorthwesternUniversity_TESS3-170_Client_recoded.sav,5694614,yes,https://tessexperiments.org/study/schuman601,https://osf.io/phbjd/,https://osf.io/download/mys8r/,
2014,"When is ""bad stronger than good"" in decision making",moral/social/cognition,,reedBR32,wrxnz,,no,,yes,registrations,direct-data,TESS_166 Reed_Client.sav,150162,yes,https://tessexperiments.org/study/reedBR32,https://osf.io/wrxnz/,https://osf.io/download/cwe4h/,
2013,Addressing privacy online: A Factorial Vignette Survey to Assess Privacy Expectations of Behavioral Advertising,moral/social/cognition,yes,martin335,dwtue,,no,,yes,registrations,direct-data,TESS3 123_Martin_Client.sav,115802,yes,https://tessexperiments.org/study/martin335,https://osf.io/dwtue/,https://osf.io/download/x4peu/,
2013,Moderating the Genetic Interpolation Effect,moral/social/cognition,,morinchasseBR9,h3pc9,,no,,yes,registrations,direct-data,TESS3 146 Morin Chasse_Client.sav,166736,yes,https://tessexperiments.org/study/morinchasseBR9,https://osf.io/h3pc9/,https://osf.io/download/h96a4/,NEW
2013,Personality and Resistance to Persuasion,moral/social/cognition,,palmer347,n96j5,,no,,yes,registrations,direct-data,TESS3_ 128_ Palmer_Client.sav,132733,yes,https://tessexperiments.org/study/palmer347,https://osf.io/n96j5/,https://osf.io/download/smak7/,
2013,Solo and Selfish: The Effects of Social Distancing and Rejection Sensitivity on Greedy Behavior,moral/social/cognition,,browman297,xhqc9,,no,,yes,nodes,zip,Browman297.zip,410066,no,https://tessexperiments.org/study/browman297,https://osf.io/xhqc9/,https://osf.io/download/hmuv7/,
2013,What's the Best Way to Motivate Kids?,moral/social/cognition,,yeagerbrief6,vwn96,,no,,yes,registrations,direct-data,Yeager-correcteddata.sav,200076,yes,https://tessexperiments.org/study/yeagerbrief6,https://osf.io/vwn96/,https://osf.io/download/c65jt/,
2012,Impressionable Attitudes: Re-examining the malleability of implicit attitudes,moral/social/cognition,,pinkston065,mtz6s,,no,,yes,nodes,zip,Pinkston065.zip,2117491,no,https://tessexperiments.org/study/pinkston065,https://osf.io/mtz6s/,https://osf.io/download/9na56/,
2012,Privacy in Context: Understanding User Privacy Behavior,moral/social/cognition,,anthony272,54wzp,,no,,yes,nodes,zip,Anthony272.zip,565419,no,https://tessexperiments.org/study/anthony272,https://osf.io/54wzp/,https://osf.io/download/fztwe/,
2011,Can masking of video data reduce perceived invasion of privacy?,moral/social/cognition,,downs030,w72cz,w72cz,yes,8272,pull-socsci210,,in-socsci210,,,,https://tessexperiments.org/study/downs030,https://osf.io/w72cz/,,
2011,Collective Memory and Autobiographical Memory: Bridging the Divide,moral/social/cognition,,schuman174,vhycz,vhycz,yes,11227,pull-socsci210,,in-socsci210,,,,https://tessexperiments.org/study/schuman174,https://osf.io/vhycz/,,
2011,Marketing genius: The influence of claims and cues on parents’ evaluations of baby videos,moral/social/cognition,,vaala186,a43v2,,no,,yes,nodes,zip,Vaala186.zip,265815,no,https://tessexperiments.org/study/vaala186,https://osf.io/a43v2/,https://osf.io/download/wr2v4/,
2011,Racial Bias in Perceptions of Others’ Pain,moral/social/cognition,,trawalter210,e45hu,e45hu,yes,21294,pull-socsci210,,in-socsci210,,,,https://tessexperiments.org/study/trawalter210,https://osf.io/e45hu/,,
2011,"To Do, to Have, or to Share? Valuing Experiences and Material Possessions by Involving Others",moral/social/cognition,,caprariello130,9263n,9263n,yes,6328,pull-socsci210,,in-socsci210,,,,https://tessexperiments.org/study/caprariello130,https://osf.io/9263n/,,
2010,Impact of Information Disclosure on the Attractiveness of a Social Network Site Profile,moral/social/cognition,,baruh775,6nqkd,,no,,yes,nodes,zip,Baruh775.zip,164158,no,https://tessexperiments.org/study/baruh775,https://osf.io/6nqkd/,https://osf.io/download/nqw7x/,
2010,"Knowledge, Social Constraint, and Self-Doubt: Mechanisms of Social Network Influence on Attitude Strength",moral/social/cognition,,levitan812,7gavm,,no,,yes,nodes,zip,Levitan812.zip,362290,no,https://tessexperiments.org/study/levitan812,https://osf.io/7gavm/,https://osf.io/download/np6xt/,
2010,Perceptions of Diversity Across Groups,moral/social/cognition,,bauman024,es4xw,es4xw,yes,9891,pull-socsci210,,in-socsci210,,,,https://tessexperiments.org/study/bauman024,https://osf.io/es4xw/,,
2010,Taking Race at Face Value,moral/social/cognition,,burke044,pxb6n,pxb6n,yes,4570,pull-socsci210,,in-socsci210,,,,https://tessexperiments.org/study/burke044,https://osf.io/pxb6n/,,
2009,Self-Regulatory Failure and Intimate Partner Violence Perpetration,moral/social/cognition,,finkel722,hx98z,,no,,yes,nodes,zip,Finkel.zip,184206,no,https://tessexperiments.org/study/finkel722,https://osf.io/hx98z/,https://osf.io/download/6hmry/,NEW
2009,The Disutility of Injustice,moral/social/cognition,,goodwin694,shjfm,,no,,no-access,?,err,,0,no,https://tessexperiments.org/study/goodwin694,https://osf.io/shjfm/,,
2008,About Face: The Association between Facial Appearance and Status Attainment among Military Personnel,moral/social/cognition,,hochschild635,zt9r7,,no,,yes,registrations,direct-data,Tess106_Hochschild_final_data.sav,88553,yes,https://tessexperiments.org/study/hochschild635,https://osf.io/zt9r7/,https://osf.io/download/r4qnz/,NEW
2008,Discomfort in Disagreement with God,moral/social/cognition,,converse632,v52yu,,no,,yes,registrations,direct-data,tess103_converse_final_data.sav,434372,yes,https://tessexperiments.org/study/converse632,https://osf.io/v52yu/,https://osf.io/download/mu548/,
2008,Perceptions of Swearing: An Analysis of Perceived Face Threats and Communication Competence,moral/social/cognition,,johnson646,2tzmb,,no,,yes,registrations,direct-data,TESS111_Johnson_Final_data.sav,46992,yes,https://tessexperiments.org/study/johnson646,https://osf.io/2tzmb/,https://osf.io/download/565357408c5e4a2a297d5b55/,
2008,Regulatory Focus as a Determinant of Feelings of Ambivalence and Ambivalence Reduction,moral/social/cognition,,demarree684,8snrf,,no,,yes,registrations,direct-data,tess120_demarree_final_data.sav,186100,yes,https://tessexperiments.org/study/demarree684,https://osf.io/8snrf/,https://osf.io/download/h8w3t/,
2008,The Effect of Visual Imagery on the Formulation of Risk Perceptions,moral/social/cognition,,balakrishnan599,tegnk,,no,,no-access,?,err,,0,no,https://tessexperiments.org/study/balakrishnan599,https://osf.io/tegnk/,,
2007,The effects of gender and power on persuasion,moral/social/cognition,,eaton520,xngky,,no,,yes,registrations,direct-data,EATON and VISSER TESS DATA.sav,82689,no,https://tessexperiments.org/study/eaton520,https://osf.io/xngky/,https://osf.io/download/tcedr/,
2007,With God on Our Side,moral/social/cognition,,converse561,ga53m,,no,,yes,registrations,direct-data,tess93_converse_final_data.sav,82636,yes,https://tessexperiments.org/study/converse561,https://osf.io/ga53m/,https://osf.io/download/xwznr/,
2006,Do People Agree on how much Punishment fits Crimes?,moral/social/cognition,,kurzban506,pmuag,,no,,yes,registrations,direct-data,TESS0008_OUTPUT.sav,38719,yes,https://tessexperiments.org/study/kurzban506,https://osf.io/pmuag/,https://osf.io/download/syxz7/,
2006,Effects of Outgroup Friendship Salience on Outgroup Attitudes and Moderating Conditions,moral/social/cognition,,aron287,3uq9a,,no,,yes,registrations,direct-data,TESS 19 - Aron_final.sav,533943,yes,https://tessexperiments.org/study/aron287,https://osf.io/3uq9a/,https://osf.io/download/56546e908c5e4a2a297d6087/,
2006,Estimating Number of Lifetime Sexual Partners: A Strategy Activation Study,moral/social/cognition,,sinclair320,etqdx,,no,,yes,registrations,direct-data,tess43_sinclair_final_data_CLIENT.sav,426756,yes,https://tessexperiments.org/study/sinclair320,https://osf.io/etqdx/,https://osf.io/download/ak8mx/,
2006,From the Eye of the Beholder:Attitudes about Physical Attractiveness and their Social and Demographic Correlates,moral/social/cognition,,conley466,k2mw3,,no,,yes,registrations,direct-data,tess71_conley_final_data.sav,727168,yes,https://tessexperiments.org/study/conley466,https://osf.io/k2mw3/,https://osf.io/download/pc5r8/,
2006,Motivational Mechanisms and Hazing Behavior,moral/social/cognition,,cimino445,g6y8s,,no,,yes,registrations,direct-data,tess69_cimino_FINAL_CLIENT.sav,88253,yes,https://tessexperiments.org/study/cimino445,https://osf.io/g6y8s/,https://osf.io/download/j4f2c/,
2006,Reducing Intergroup Bias: Does Dual Identification Help or Harm?,moral/social/cognition,,schlueter435,5jua2,,no,,yes,registrations,direct-data,tess66_schlueter_OE_FINAL_CLIENT.xls,124928,yes,https://tessexperiments.org/study/schlueter435,https://osf.io/5jua2/,https://osf.io/download/5654b1168c5e4a571e7e7527/,
2006,Testing the Generalizability of the Moral Mandate Effect Under Conditions of Personal Voice,moral/social/cognition,,skitka436,7dc8s,,no,,yes,registrations,direct-data,TESS 58_Open-end comments.xls,95744,yes,https://tessexperiments.org/study/skitka436,https://osf.io/7dc8s/,https://osf.io/download/aq94y/,NEW
2006,The Appropriateness of Retaliatory Violence: Effects of Gender and Relationship,moral/social/cognition,,feld344,z2vmq,,no,,yes,registrations,direct-data,Feld_Final.sav,188749,yes,https://tessexperiments.org/study/feld344,https://osf.io/z2vmq/,https://osf.io/download/565488138c5e4a2a297d6162/,
2006,The Impact of Information from similar or different advisors on judgment,moral/social/cognition,,shang411,ujw87,,no,,yes,registrations,direct-data,Shang_Codebook_Final.xls,279552,yes,https://tessexperiments.org/study/shang411,https://osf.io/ujw87/,https://osf.io/download/mk4bj/,
2005,"Capitalization, self-esteem, and building social resources",moral/social/cognition,,smith418,ctp8n,,no,,yes,registrations,direct-data,tess55_smith_OE_CLIENT.xls,131072,yes,https://tessexperiments.org/study/smith418,https://osf.io/ctp8n/,https://osf.io/download/565db0c38c5e4a3877d7641e/,
2005,Effect of mood on creativity,moral/social/cognition,,kim-prieto252,y3m7j,,no,,yes,registrations,direct-data,tess17_kim-prieto_OE_CLIENT.xls,151040,yes,https://tessexperiments.org/study/kim-prieto252,https://osf.io/y3m7j/,https://osf.io/download/5zf47/,
2005,Effects of Ostracism and Stigma on Self-Esteem,moral/social/cognition,,goodwin369,m78xh,,no,,yes,registrations,direct-data,TESS0010_OUTPUT.sav,96180,yes,https://tessexperiments.org/study/goodwin369,https://osf.io/m78xh/,https://osf.io/download/ve6yn/,
2005,Effects of Rejection on Multiple Relationships,moral/social/cognition,,lemay341,k5hpv,,no,,yes,registrations,direct-data,tess36_lemay_OE_CLIENT.xls,78336,yes,https://tessexperiments.org/study/lemay341,https://osf.io/k5hpv/,https://osf.io/download/r3wgj/,
2005,"Exploring the Generality of ""Naive Realism"": Perceptions of Bias in Others who Disagree with our Opinions",moral/social/cognition,,reeder309,6gq25,,no,,yes,registrations,direct-data,tess51_reeder_final_data_CLIENT.sav,70600,yes,https://tessexperiments.org/study/reeder309,https://osf.io/6gq25/,https://osf.io/download/a75ct/,
2005,Generalization of the Valence Framing Effect,moral/social/cognition,,bizer321,r8u7c,,no,,yes,registrations,direct-data,tess49_bizer+larsen_CLIENT.sav,50712,yes,https://tessexperiments.org/study/bizer321,https://osf.io/r8u7c/,https://osf.io/download/bf2t7/,
2005,Maintaining a Sense of Belonging among the Socially Isolated,moral/social/cognition,,knowles358,gh396,,no,,yes,registrations,direct-data,tess41_knowles_CLIENT.sav,54788,yes,https://tessexperiments.org/study/knowles358,https://osf.io/gh396/,https://osf.io/download/x9mdg/,
2005,"Moral Luck, Loss of Chance, and Legal Liability",moral/social/cognition,,darley324,jxdu8,,no,,yes,registrations,direct-data,TESS45_client.sav,79696,yes,https://tessexperiments.org/study/darley324,https://osf.io/jxdu8/,https://osf.io/download/565bbed28c5e4a3875d741b1/,
2005,Perception of Synergistic Risk: Adjusted Anchoring Vignettes for Optimized Measurement,moral/social/cognition,,trumbo389,wmfe6,,no,,yes,registrations,direct-data,tess35_trumbo_CLIENT.sav.sav,62428,yes,https://tessexperiments.org/study/trumbo389,https://osf.io/wmfe6/,https://osf.io/download/zd6vt/,
2005,Politeness Theory and Conversational Refusals,moral/social/cognition,,johnson250,pkt6f,,no,,yes,registrations,direct-data,Johnson_final.sav,149173,yes,https://tessexperiments.org/study/johnson250,https://osf.io/pkt6f/,https://osf.io/download/565c929c8c5e4a3877d76110/,
2005,The Dynamics of System Justification,moral/social/cognition,,wakslak371,w2zm4,,no,,yes,registrations,direct-data,TESS52_clientfinal.sav,39220,yes,https://tessexperiments.org/study/wakslak371,https://osf.io/w2zm4/,https://osf.io/download/vzhr7/,
2004,Exploring the Social Bases of Attitude Strength,moral/social/cognition,,visser210,36wjy,,no,,yes,nodes,direct-data,tess11_visser_oe.xls,163328,yes,https://tessexperiments.org/study/visser210,https://osf.io/36wjy/,https://osf.io/download/fzmsb/,
2004,General Prejudice Versus Discrete Emotions: Understanding Patterns of Intergroup Emotions,moral/social/cognition,,cottrell280,k5zqm,,no,,yes,registrations,direct-data,tess18_cottrell_client_data.sav,102752,yes,https://tessexperiments.org/study/cottrell280,https://osf.io/k5zqm/,https://osf.io/download/tuhzk/,
2003,Emotional Responses to Infidelity: Investigating Jealousy with a National Sample,moral/social/cognition,,green119,gyscq,,no,,yes,registrations,direct-data,Green_Client.sav,83464,yes,https://tessexperiments.org/study/green119,https://osf.io/gyscq/,https://osf.io/download/ryjkc/,
2003,Recall vs. Judgment: Open-Closed Question Differences in Studying Collective Memory,moral/social/cognition,,schuman94,b2srk,,no,,yes,registrations,direct-data,Schuman.sav,240728,yes,https://tessexperiments.org/study/schuman94,https://osf.io/b2srk/,https://osf.io/download/565f35ef8c5e4a3877d76e16/,
2003,"Self-Esteem, Organization of Thoughts about Partners, and Context-Dependence of Partner Views",moral/social/cognition,,graham130,yc3jx,,no,,yes,registrations,direct-data,Graham_Clark.sav,54920,no,https://tessexperiments.org/study/graham130,https://osf.io/yc3jx/,https://osf.io/download/p9dx6/,
2024,Replicating “Are Survey Experiments Externally Valid?”,survey methodology,,barabas1748,re72j,,no,,yes,nodes,zip,Barabas1748.zip,128311595,no,https://tessexperiments.org/study/barabas1748,https://osf.io/re72j/,https://osf.io/download/bd5yq/,
2023,Optimizing Surveys: Studying Gender and Health Among LGBT Americans,survey methodology,,saperstein1530,pjneh,pjneh,yes,37547,pull-socsci210,,in-socsci210,,,,https://tessexperiments.org/study/saperstein1530,https://osf.io/pjneh/,,
2022,Vignette Order and the Measurement of Subjective Well-Being,survey methodology,,patelM5,6khjm,6khjm,yes,9530,pull-socsci210,,in-socsci210,,,,https://tessexperiments.org/study/patelM5,https://osf.io/6khjm/,,
2020,Equivalency Framing of Societal Problems and Policy Solutions,survey methodology,,stoker1063,wmsah,wmsah,yes,12175,pull-socsci210,,in-socsci210,,,,https://tessexperiments.org/study/stoker1063,https://osf.io/wmsah/,,
2019,A Question-Wording Experiment on Support for Free Expression,survey methodology,,morganS30,6mdey,,no,,no-access,?,err,,0,no,https://tessexperiments.org/study/morganS30,https://osf.io/6mdey/,,
2019,Evangelical or Born-Again Christian: Unpacking a Double-Barreled Question,survey methodology,,margolis1204,n8azj,n8azj,yes,4838,pull-socsci210,,in-socsci210,,,,https://tessexperiments.org/study/margolis1204,https://osf.io/n8azj/,,
2016,Does Transparency Affect Survey Research?,survey methodology,,krupnikov719,4fb4p,,no,,yes,nodes,zip,Krupnikov719.zip,244308,no,https://tessexperiments.org/study/krupnikov719,https://osf.io/4fb4p/,https://osf.io/download/z22js/,
2016,"Gender Identity and Diversity, Part 2",survey methodology,,sapersteinBR46,gzwp2,,no,,yes,nodes,zip,SapersteinBRIEF64.zip,333447,no,https://tessexperiments.org/study/sapersteinBR46,https://osf.io/gzwp2/,https://osf.io/download/mp67v/,
2015,Cross-National Replication of Questions Design Experiments,survey methodology,,krosnick658,rpw4u,rpw4u,yes,1539,pull-socsci210,,in-socsci210,,,,https://tessexperiments.org/study/krosnick658,https://osf.io/rpw4u/,,
2015,Precarious Sexuality and Categorization of Sexual Orientation,survey methodology,,mizeBR49,4zscf,4zscf,yes,5946,pull-socsci210,,in-socsci210,,,,https://tessexperiments.org/study/mizeBR49,https://osf.io/4zscf/,,
2015,Proposal to Replicate and Extend Seven TESS Studies,survey methodology,,coppock696,wkpqv,,no,,yes,nodes,zip,Coppock696.zip,1472043,no,https://tessexperiments.org/study/coppock696,https://osf.io/wkpqv/,https://osf.io/download/d5793/,
2014,An Experiment Testing Six Formats of 0 to 100 Rating Scales,survey methodology,,liuBR33,y78g2,,no,,yes,registrations,direct-data,TESS_165 Liu_Client.sav,155721,yes,https://tessexperiments.org/study/liuBR33,https://osf.io/y78g2/,https://osf.io/download/ytjue/,
2014,Gender Identity and Diversity,survey methodology,,sapersteinBR44,5hqan,5hqan,yes,6409,pull-socsci210,,in-socsci210,,,,https://tessexperiments.org/study/sapersteinBR44,https://osf.io/5hqan/,,
2013,Are Population-Based Survey Experiments Truly Unparalleled? A Test Using Parallel Designs,survey methodology,,leeper354,6s2q5,6s2q5,yes,9932,pull-socsci210,,in-socsci210,,,,https://tessexperiments.org/study/leeper354,https://osf.io/6s2q5/,,
2013,Impact of Response Scale Direction on Survey Responses to Factual/Behavioral Questions,survey methodology,,keusch433,evnyh,evnyh,yes,33932,pull-socsci210,,in-socsci210,,,,https://tessexperiments.org/study/keusch433,https://osf.io/evnyh/,,
2013,Improving Measurement of Self-Reported Health: Effects of Question Context and Response Order,survey methodology,,garbarski322,5mt6r,5mt6r,yes,21180,pull-socsci210,,in-socsci210,,,,https://tessexperiments.org/study/garbarski322,https://osf.io/5mt6r/,,
2012,Do Attempts to Improve Respondent Attention Increase Social Desirability Bias?,survey methodology,,jerit315,3bzxg,3bzxg,yes,13883,pull-socsci210,,in-socsci210,,,,https://tessexperiments.org/study/jerit315,https://osf.io/3bzxg/,,
2012,Framing in Noisy Informational Environments,survey methodology,,coronel202,sd7cf,sd7cf,yes,4124,pull-socsci210,,in-socsci210,,,,https://tessexperiments.org/study/coronel202,https://osf.io/sd7cf/,,
2012,Panel Conditioning in Longitudinal Surveys: An Experiment,survey methodology,,warren165,5psrf,,no,,yes,nodes,zip,Warren165.zip,1949519,no,https://tessexperiments.org/study/warren165,https://osf.io/5psrf/,https://osf.io/download/93rxj/,
2012,The Effect of Question Wording on Preferences for Prenatal Genetic Testing and Abortion,survey methodology,,singer251,a2nbf,a2nbf,yes,6211,pull-socsci210,,in-socsci210,,,,https://tessexperiments.org/study/singer251,https://osf.io/a2nbf/,,
2011,Assessing the Breadth of Framing Effects,survey methodology,,hopkins145,4kjtn,4kjtn,yes,16350,pull-socsci210,,in-socsci210,,,,https://tessexperiments.org/study/hopkins145,https://osf.io/4kjtn/,,
2010,Does an Anchoring Vignette Character’s Sex Affect Respondents’ Ratings?,survey methodology,,grol-prokopczyk803,gqmb3,,no,,yes,nodes,zip,Grol-Prokopczyk803.zip,181412,no,https://tessexperiments.org/study/grol-prokopczyk803,https://osf.io/gqmb3/,https://osf.io/download/hr3us/,
2010,The Intersection of Group and Outcome Frames in Shaping Opinion,survey methodology,,palmer020,4h2sa,,no,,yes,nodes,zip,Palmer020.zip,314,no,https://tessexperiments.org/study/palmer020,https://osf.io/4h2sa/,https://osf.io/download/4kv9w/,
2009,Does Mentioning ‘Some People’ and ‘Other People’ in an Attitude Question Improve Measurement Quality?,survey methodology,,yeager725,kx6aq,,no,,yes,nodes,zip,Yeager725.zip,233755,no,https://tessexperiments.org/study/yeager725,https://osf.io/kx6aq/,https://osf.io/download/2m3bp/,
2009,Vignette Study on Web Paradata,survey methodology,,couper764,tz36m,,no,,yes,nodes,zip,Couper.zip,253135,no,https://tessexperiments.org/study/couper764,https://osf.io/tz36m/,https://osf.io/download/4u2pf/,
2006,Priming to Improve Survey Measurement through Anchoring Vignettes,survey methodology,,hopkins361,b5cny,,no,,yes,registrations,direct-data,Hopkinsdatanozip.dta,378834,yes,https://tessexperiments.org/study/hopkins361,https://osf.io/b5cny/,https://osf.io/download/8nbkd/,
2005,Question Order Effects on Political Interest Reports,survey methodology,,lasorsa251,yzjnd,,no,,yes,registrations,direct-data,Lasorsa_final.sav,187047,yes,https://tessexperiments.org/study/lasorsa251,https://osf.io/yzjnd/,https://osf.io/download/565c96dc8c5e4a3873d7408c/,
2005,Value Choices in the Mass Public: Testing for Framing Effects and Hierarchical Structure,survey methodology,,jacoby339,ht243,,no,,yes,registrations,direct-data,TESS_37_Client.sav,119972,yes,https://tessexperiments.org/study/jacoby339,https://osf.io/ht243/,https://osf.io/download/dbpyz/,
2003,An Investigation of Order Effects in the Measurement of Aggression and Aggressive Cognition,survey methodology,,boxer125,fykuz,,no,,yes,registrations,direct-data,Boxer.sav,211952,yes,https://tessexperiments.org/study/boxer125,https://osf.io/fykuz/,https://osf.io/download/aejxn/,
2024,How does job gender-type influence perceptions of occupational status?,work/family/gender,,earecksonM38,xjtaz,,no,,yes,nodes,zip,EarecksonM38.zip,3314747,no,https://tessexperiments.org/study/earecksonM38,https://osf.io/xjtaz/,https://osf.io/download/ndx6y/,
2024,Measuring Fertility Preferences,work/family/gender,,behrmanM32,8972k,,no,,yes,nodes,zip,BehrmanM32.zip,1736367,no,https://tessexperiments.org/study/behrmanM32,https://osf.io/8972k/,https://osf.io/download/yn34m/,
2024,"Public Support for Remote Work Arrangements: An Experimental Study of the Effects of Occupational Status, Mental Health Status, and Gender",work/family/gender,,elliottM40,g2jcy,,no,,yes,nodes,zip,ElliottM40.zip,1955481,no,https://tessexperiments.org/study/elliottM40,https://osf.io/g2jcy/,https://osf.io/download/rsy4h/,
2023,"Childbearing Preferences in the Face of Work, Family, and Financial Constraints",work/family/gender,,behrman1586,8ctbk,8ctbk,yes,28228,pull-socsci210,,in-socsci210,,,,https://tessexperiments.org/study/behrman1586,https://osf.io/8ctbk/,,
2023,The Femin[ist] Mystique: How Group Perceptions Shape Affect and Identity,work/family/gender,,connorsM26,h4k2t,,no,,yes,nodes,zip,ConnorsM26.zip,1741902,no,https://tessexperiments.org/study/connorsM26,https://osf.io/h4k2t/,https://osf.io/download/cf8tj/,
2021,Gender and the Disparate Payoffs of Overwork,work/family/gender,,munschS68,d4zua,,no,,yes,nodes,zip,MunschS68.zip,2009266,no,https://tessexperiments.org/study/munschS68,https://osf.io/d4zua/,https://osf.io/download/equzs/,
2019,Do Americans Think Surgeon = Male in 2019?,work/family/gender,,banajiS39,yn7mx,yn7mx,yes,5995,pull-socsci210,,in-socsci210,,,,https://tessexperiments.org/study/banajiS39,https://osf.io/yn7mx/,,
2019,Testing a Theory of Hybrid Femininity,work/family/gender,,melin1066,tbrfh,,no,,yes,nodes,zip,Melin1066.zip,3160604,no,https://tessexperiments.org/study/melin1066,https://osf.io/tbrfh/,https://osf.io/download/ehx7g/,
2017,Gender Inequality in Product Markets,work/family/gender,,Tak862,7rt4q,7rt4q,yes,16972,pull-socsci210,,in-socsci210,,,,https://tessexperiments.org/study/Tak862,https://osf.io/7rt4q/,,
2016,Opting into Work-Family Policies: Comparing the Effects of Material and Cultural Concerns,work/family/gender,,pedulla821,yv2ta,yv2ta,yes,13070,pull-socsci210,,in-socsci210,,,,https://tessexperiments.org/study/pedulla821,https://osf.io/yv2ta/,,
2016,Public Perception of Money in Families,work/family/gender,,pepin791,cug34,cug34,yes,15137,pull-socsci210,,in-socsci210,,,,https://tessexperiments.org/study/pepin791,https://osf.io/cug34/,,
2015,"Preferences or Constraints? Education, Gender, and Parenting Attitudes",work/family/gender,,ishizuka661,bbehq,,no,,yes,nodes,zip,Ishizuka661.zip,1110801,no,https://tessexperiments.org/study/ishizuka661,https://osf.io/bbehq/,https://osf.io/download/546fp/,
2015,The Division of Labor in Same-sex and Heterosexual Households,work/family/gender,,doan663,3ydty,3ydty,yes,16851,pull-socsci210,,in-socsci210,,,,https://tessexperiments.org/study/doan663,https://osf.io/3ydty/,,
2015,The Wages of Parenthood: At the Intersection of Sexual Orientation and Child Caregiving,work/family/gender,,demerjian628,ye2ej,ye2ej,yes,11883,pull-socsci210,,in-socsci210,,,,https://tessexperiments.org/study/demerjian628,https://osf.io/ye2ej/,,
2014,"A Piece of the Pie: Achievement, Children's Sex, and Parent Resource Distribution",work/family/gender,,yurk466,edgnf,,no,,yes,nodes,zip,Yurk466.zip,398598,no,https://tessexperiments.org/study/yurk466,https://osf.io/edgnf/,https://osf.io/download/nr238/,
2013,"Clarifying the Ideal Worker Norm: Workplace Evaluations of Women by Motherhood Status, Level of Involvement, and Race",work/family/gender,,denny366,tu95h,,no,,yes,registrations,direct-data,TESS3 143 Denny_Client.sav,274163,yes,https://tessexperiments.org/study/denny366,https://osf.io/tu95h/,https://osf.io/download/564b3b408c5e4a266b74e9c5/,
2012,Attitudes toward the Employment of Mothers and Fathers,work/family/gender,,jacobs087,py9q3,py9q3,yes,20030,pull-socsci210,,in-socsci210,,,,https://tessexperiments.org/study/jacobs087,https://osf.io/py9q3/,,
2012,"Can We Finish the Revolution? Gender, Work-Family Ideals, and Institutional Constraint",work/family/gender,,pedulla296,jmtyn,jmtyn,yes,6252,pull-socsci210,,in-socsci210,,,,https://tessexperiments.org/study/pedulla296,https://osf.io/jmtyn/,,
2012,"Examining the ‘Raced’ Fatherhood Premium: Workplace Evaluations of Men by Race, Fatherhood Status, and Level of Involvement",work/family/gender,,denny262,n394s,,no,,yes,nodes,zip,Denny262.zip,205925,no,https://tessexperiments.org/study/denny262,https://osf.io/n394s/,https://osf.io/download/269kc/,
2012,"Laws, Norms, and the Motherhood/Caretaker Penalty",work/family/gender,,tucker247,4bspz,,no,,yes,nodes,zip,Tucker247.zip,223726,no,https://tessexperiments.org/study/tucker247,https://osf.io/4bspz/,https://osf.io/download/wp89b/,
2011,Devaluation and Valuation in the Labor Market,work/family/gender,,katz078,ftwqy,ftwqy,yes,13075,pull-socsci210,,in-socsci210,,,,https://tessexperiments.org/study/katz078,https://osf.io/ftwqy/,,
2011,Gender and Physical Attractiveness as Status Beliefs,work/family/gender,,paustianunderdahl098,5an26,5an26,yes,11689,pull-socsci210,,in-socsci210,,,,https://tessexperiments.org/study/paustianunderdahl098,https://osf.io/5an26/,,
2010,Fairness and Favorability Assessments of Differential Parental Investment in the U.S.,work/family/gender,,schnettler040,t936a,t936a,yes,15891,pull-socsci210,,in-socsci210,,,,https://tessexperiments.org/study/schnettler040,https://osf.io/t936a/,,
2010,"Gender Threat, Emotional Expressiveness, and Gender Differences in Risk Ratings",work/family/gender,,johnson811,nkvjs,,no,,yes,nodes,zip,Johnson811.zip,994504,no,https://tessexperiments.org/study/johnson811,https://osf.io/nkvjs/,https://osf.io/download/94x3y/,NEW
2010,Men's (Mis)Perceptions of the Stigma of Unemployment,work/family/gender,,Michniewicz038,5azg2,,no,,yes,nodes,zip,Michniewicz038.zip,153565,no,https://tessexperiments.org/study/Michniewicz038,https://osf.io/5azg2/,https://osf.io/download/xw4f8/,
2010,Weight-Based Discrimination at Work,work/family/gender,,phamkanter033,9q27y,,no,,yes,nodes,zip,Pham-Kanter033.zip,1654705,no,https://tessexperiments.org/study/phamkanter033,https://osf.io/9q27y/,https://osf.io/download/gw6fx/,
2010,Why Hillary Rodham Became Hillary Clinton: Consequences of Non-Traditional Last Name Choice in Marriage,work/family/gender,,shafer012,qmfy4,qmfy4,yes,15408,pull-socsci210,,in-socsci210,,,,https://tessexperiments.org/study/shafer012,https://osf.io/qmfy4/,,
2007,Nature or Nurture?: Explanations for Observed Gender Differences and their Effect on Gender Ideology and Political Opinions,work/family/gender,,taylor515,ca9ub,,no,,yes,registrations,direct-data,tess87_taylor_final_data_CLIENT.sav,47780,yes,https://tessexperiments.org/study/taylor515,https://osf.io/ca9ub/,https://osf.io/download/tseq8/,
2007,The Age-Gender Interaction Effect on Status Expectations: Investigation and Career Implications,work/family/gender,,lovaglia514,q458t,,no,,yes,registrations,direct-data,TESS 84 - Lovaglia_Final.sav,201725,yes,https://tessexperiments.org/study/lovaglia514,https://osf.io/q458t/,https://osf.io/download/4xysf/,
2005,Measuring Teenage Pregnancy Norms and Their Effect on Resource Provision,work/family/gender,,mollborn390,fw5eq,,no,,yes,registrations,direct-data,tess40_mollborn_CLIENT.sav,70760,yes,https://tessexperiments.org/study/mollborn390,https://osf.io/fw5eq/,https://osf.io/download/h968a/,
2005,"Statistical Discrimination, Stereotyping, and Evaluations of Worker Productivity",work/family/gender,,benard241,gs6yz,,no,,yes,registrations,direct-data,Benard_final.sav,226899,yes,https://tessexperiments.org/study/benard241,https://osf.io/gs6yz/,https://osf.io/download/zvwjh/,
2005,Status Effects of Gender,work/family/gender,,rashotte392,mjt8r,,no,,yes,registrations,direct-data,tess48_rashotte_final_data_CLIENT.sav,78536,yes,https://tessexperiments.org/study/rashotte392,https://osf.io/mjt8r/,https://osf.io/download/2gnyb/,
