study_id,verdict,uk_applicable,rows,conf,tess_slug,title,note
egmxd,KEEP,True,90977,1.0,wolfson1443,Do Sustainability Labels Lead to More Sustainable and Healthier Food Choices?,
w7mnc,KEEP,True,52899,0.97,conway1415,Consuming Values: Consumer Demand for Corporate Social Responsibility,
hjn6m,KEEP,True,48550,1.0,busby1344,Judgments of Extremism and Social Information,
mebw9,KEEP,True,43959,0.9,quadlin1348,Which College Graduates are Perceived as Trainable?,has race dimension; keep non-race arms
4fsg5,KEEP,True,43105,1.0,bucci1408,Accounting for the Correlation between Perceived Risks and Rewards to Crime,
zv3wc,KEEP,True,37891,0.98,mcginty730,Portrayals of Serious Mental Illness: Precursor to Violence or Treatable Condition,
pjneh,KEEP,True,37547,0.97,saperstein1530,Optimizing Surveys: Gender and Health Among LGBT Americans,
evnyh,KEEP,True,33932,0.91,keusch433,Impact of Response Scale Direction on Survey Responses,Mannheim
c956y,KEEP,True,33318,1.0,"allcott034, allcott731","Gasoline Prices, Inattentive Consumers, and the Energy Paradox",dollar prices; convertible
m52pd,KEEP,True,32225,0.95,Mireles1019,Women's College Advantage and Public Perception of College Value,
8ctbk,KEEP,True,28228,1.0,behrman1586,"Childbearing Preferences in the Face of Work, Family, and Financial Constraints",
5b6tf,KEEP,True,27175,1.0,cohen1099,"Social Class, College Debt, and the Purpose of College",US debt levels; borderline
bvkfc,KEEP,True,27056,1.0,kim1585,Does Allowing Firms to Pay to Pollute Reduce the Moral Stigma of Pollution?,
3xy9j,KEEP,True,25482,1.0,chiong300,An experiment on the presumption of consent to emergency medical treatment,
4zwv2,KEEP,True,25290,1.0,ginersorolla136,Do Injustice and Power Determine Anger and Fear Toward Terrorist Groups?,Kent
zx5b8,KEEP,True,22438,0.93,jakubiak1098,Do the benefits of receiving affectionate touch generalize,
e45hu,KEEP,True,21294,1.0,trawalter210,Racial Bias in Perceptions of Others' Pain,"mechanism universal; US racial frame, borderline"
5mt6r,KEEP,True,21180,0.97,garbarski322,Improving Measurement of Self-Reported Health: Question Context and Response Order,
q8ra3,KEEP,True,20837,1.0,terman1029,"Human Rights Shaming, Compliance, and Nationalist Backlash",
xweq8,KEEP,True,20715,1.0,quadlin1688,Whose is the conventional thought?,
py9q3,KEEP,True,20030,1.0,jacobs087,Attitudes toward the Employment of Mothers and Fathers,
jkspw,KEEP,True,19786,0.9,wegener185,Behavioral Reactions to Skin Infections,
b87sm,KEEP,True,19480,1.0,wenz1387,How to increase the acceptance of mobile app and sensor data collection?,Mannheim
7rt4q,KEEP,True,16972,1.0,Tak862,Gender Inequality in Product Markets,
3ydty,KEEP,True,16851,1.0,doan663,The Division of Labor in Same-sex and Heterosexual Households,
4kjtn,KEEP,True,16350,1.0,hopkins145,Assessing the Breadth of Framing Effects,
t936a,KEEP,True,15891,0.97,schnettler040,Fairness and Favorability Assessments of Differential Parental Investment,
sffyb,KEEP,True,15609,0.9,chabot647,Saving for retirement vs. Saving for a retirement with others,
qmfy4,KEEP,True,15408,0.94,shafer012,Why Hillary Rodham Became Hillary Clinton: Non-Traditional Last Name Choice,"name is US, mechanism universal"
cug34,KEEP,True,15137,1.0,pepin791,Public Perception of Money in Families,
ztwqy,KEEP,True,14550,1.0,howard823,Understanding the Expense Prediction Bias,
3bzxg,KEEP,True,13883,1.0,jerit315,Do Attempts to Improve Respondent Attention Increase Social Desirability Bias?,
ndhyr,KEEP,True,13423,1.0,mello037,Patient Responses to Medical Error Disclosure: Does Compensation Matter?,
ftwqy,KEEP,True,13075,1.0,katz078,Devaluation and Valuation in the Labor Market,
yv2ta,KEEP,True,13070,0.9,pedulla821,Opting into Work-Family Policies,
wmsah,KEEP,True,12175,1.0,stoker1063,Equivalency Framing of Societal Problems and Policy Solutions,
x2ztf,KEEP,True,12009,0.92,elliott-negri1320,Two-Sided Collective Action: Grocery Consumers' Behavior,
ye2ej,KEEP,True,11883,0.94,demerjian628,The Wages of Parenthood: Sexual Orientation and Child Caregiving,
j6xgs,KEEP,True,11748,0.85,rifkin1073,"Busyness, Idleness, and Happiness",
5an26,KEEP,True,11689,1.0,paustianunderdahl098,Gender and Physical Attractiveness as Status Beliefs,
sh4px,KEEP,True,11532,1.0,koblitz279,Self-Affirmation and Affect: Effects on Implementation Intentions,
vhycz,KEEP,True,11227,1.0,schuman174,Collective Memory and Autobiographical Memory: Bridging the Divide,
gzdnf,KEEP,True,10817,0.9,swim059,But how do you feel about climate change?,
z358z,KEEP,True,10445,0.9,nayak609,Randomized Drug Trials without Consent?,
jf46x,KEEP,True,10155,1.0,parmer138,Smallpox Vaccine Recommendations: Could Trust be a Shot in the Arm?,
6s2q5,KEEP,True,9932,0.92,leeper354,Are Population-Based Survey Experiments Truly Unparalleled?,
es4xw,KEEP,True,9891,1.0,bauman024,Perceptions of Diversity Across Groups,
v3bfk,KEEP,True,9699,0.9,johnson1389,Optimizing Schools? Algorithmic versus Status Quo Prioritization,mechanism universal; K-12 framing
6khjm,KEEP,True,9530,1.0,patelM5,Vignette Order and the Measurement of Subjective Well-Being,
zaqkm,KEEP,True,9528,0.94,elliottM14,"Causal Attributions, Treatability, and Mental Illness Stigma",
a42yg,KEEP,True,8524,0.9,ferrer825,Conflict between curative and palliative goals,
w72cz,KEEP,True,8272,1.0,downs030,Can masking of video data reduce perceived invasion of privacy?,
a5v96,KEEP,True,7229,0.9,mclaughlin672,What fosters patients' acceptance of Clinical Decision Support Systems?,
5hqan,KEEP,True,6409,1.0,"sapersteinBR44, sapersteinBR46",Gender Identity and Diversity,
9263n,KEEP,True,6328,0.85,caprariello130,"To Do, to Have, or to Share? Experiences vs Possessions",
yc2qb,KEEP,True,6308,1.0,chu1236,Educational Rankings and Adolescent Perceptions of College Cost,
jmtyn,KEEP,True,6252,0.92,pedulla296,"Can We Finish the Revolution? Gender, Work-Family Ideals",
a2nbf,KEEP,True,6211,0.6,boxer125,An Investigation of Order Effects in the Measurement of Aggression,"hand: question-wording/measurement, universal"
m7vhz,KEEP,True,6048,1.0,martinS11,Inattention to Game Form,
yn7mx,KEEP,True,5995,1.0,banajiS39,Do Americans Think Surgeon = Male in 2019?,
4zscf,KEEP,True,5946,1.0,mizeBR49,Precarious Sexuality and Categorization of Sexual Orientation,
rs65g,KEEP,True,5514,0.88,metcalf541,Do Better Labels Lead to Better Choices? Energy Efficient Labels,
9xw67,KEEP,True,5313,1.0,ozer1324,Blame and Bias in Trust in Public Policy Algorithms,
n8azj,KEEP,True,4838,0.96,margolis1204,Evangelical or Born-Again Christian: Double-Barreled Question,US religious categories; borderline
4w9pz,KEEP,True,4767,0.96,hecht1248,When and How Teachers Communicate Growth Mindset Affordances,
pxb6n,KEEP,True,4570,1.0,burke044,Taking Race at Face Value,"perception task, mechanism universal"
savkp,KEEP,True,4564,1.0,persky348,Emotion and Response to Physician-Provided Genetic Weight Management Messages,
c5r2f,KEEP,True,4375,1.0,tannenbaum103,Do Policy Defaults Communicate Choice-Relevant Information?,
sd7cf,KEEP,True,4124,1.0,coronel202,Framing in Noisy Informational Environments,
dh3nj,KEEP,True,4001,1.0,calarcoS38,Public Perceptions of Prenatal Alcohol Consumption,
7jt2f,KEEP,True,3053,0.93,swan095,When Others' Disbelief Engenders Prejudice: Anti-Atheist Bias,
zrwjp,KEEP,True,2531,1.0,whillans626,The Barriers of Buying Happier Time,
h6zk9,KEEP,True,2269,0.93,roth766,How Does Economic Status Affect Social Preferences?,Oxford
bf8p2,KEEP,True,1998,0.93,farrowS6,Does Misery Love Company? Intervention to Improve Well-being,
rpw4u,KEEP,True,1539,0.99,krosnick658,Cross-National Replication of Question Design Experiments,GESIS/Utrecht/Mannheim
qprms,JUDGEMENT,True,82191,1.0,blundell1051,Lotteries: A Behavioral Welfare Evaluation,
hu45w,JUDGEMENT,True,55248,1.0,grace1119,Factors Affecting Public Opinion on Transgender Medical Care Refusal,
ak35q,JUDGEMENT,True,38035,0.9,hollin1121,Price Disclosure Laws for Direct-to-Consumer Pharmaceutical Advertising,
6wbd7,JUDGEMENT,True,37942,1.0,schnabel1440,Does Elite Philanthropy Increase Support for Plutocracy?,
nj5dx,JUDGEMENT,True,32963,0.94,dietze961,How Social Class and the Framing of Income Inequality Affect Solidarity,
s43kb,JUDGEMENT,True,30547,0.93,sydnor770,How Conflict Orientation Influences Responses to Incivility,
3pcdm,JUDGEMENT,True,25617,1.0,mccabeS19,Public Opinion and Attributions for Health Care Costs,
a693y,JUDGEMENT,True,24594,0.9,ingham423,Effects of Deliberative Minipublics on Public Opinion,
7py98,JUDGEMENT,True,24523,1.0,mccall1690,Rising Income Inequality and the Perceived Social Structure of Economic Opportunity,
nb4xg,JUDGEMENT,True,24278,0.86,bandara1015,Message Frames on Stigma and Punitive Policies towards Prior Drug Convictions,
sdq2z,JUDGEMENT,True,23843,0.86,hankinson707,Do liberals and conservatives differ in attitudes towards new housing? A conjoint,
xtvu5,JUDGEMENT,True,23017,1.0,thorsonS42,Effects of Misinformation News Coverage on Media Trust,
4n986,JUDGEMENT,True,22720,1.0,raychaudhuri1265,The Political Effects of Opioid Addiction Frames,
4gczb,JUDGEMENT,True,18713,1.0,kallaBR42,Equal Representation Project,
y9nb7,JUDGEMENT,True,18280,1.0,"campbell1258, campbell1308",The Effects of Exposure to Women Candidates on Political Attitudes,
yjvpn,JUDGEMENT,True,18069,1.0,kubicki1576,The De-gendering and Dehumanization of Transgender People,
vemrp,JUDGEMENT,True,17941,0.76,kennedy1017,Accidental Environmentalists: Income and Evaluations of Eco-Friendly Lifestyles,
xvgh5,JUDGEMENT,True,17476,1.0,baker035,Racial Prejudice and Paternalism in Mass Support for Foreign Aid,
a7uk3,JUDGEMENT,True,17250,0.91,silverman1035,Can Factual Misperceptions be Corrected? Fears of Terrorism,
dkhgv,JUDGEMENT,True,16465,0.92,kleykamp129,Social Desirability Bias and Support for Military Veterans,
5vm8g,JUDGEMENT,True,16278,1.0,Haaland874,Beliefs about Racial Discrimination,Bergen/Warwick authors; US race frame
326nv,JUDGEMENT,True,16060,0.95,albertson096,Anxious Politics: immigration anxiety on trust and attitudes,
kv3sd,JUDGEMENT,True,15915,1.0,taylorpoppe1574,Perceptions of Legality and Civil Justice,
g59sr,JUDGEMENT,True,15358,1.0,willer025,Testing the Effects of Message Framing on Support for Poverty Relief,
nprqu,JUDGEMENT,True,14389,0.97,"campbell1258, campbell1308",The Effects of Exposure to Women Candidates on Political Attitudes,
rj3aw,JUDGEMENT,True,13779,1.0,clifford1222,How Candidates Can Signal Sincerity in an Era of Cynicism,
qkhdg,JUDGEMENT,True,12932,1.0,senS81,Understanding Ideal Descriptive Representation,
fxcn4,JUDGEMENT,True,12601,0.94,mezzapelle1439,Do Victims' Race and Gender Interact to Predict Credibility of Harassment Claims?,
tuyjc,JUDGEMENT,True,12372,1.0,hankinson1070,How Group Identity Shapes Opioid Treatment Policy Opinion,
h84nt,JUDGEMENT,True,12357,0.91,bryan084,Voting vs. Being a Voter: Phrasing Effect on Turnout,
bsd7j,JUDGEMENT,True,12174,0.94,williamson859,"""The Taxpayer Gap"": Perceptions of the Taxpaying Population and Welfare",
xykr7,JUDGEMENT,True,11221,0.9,knaphus745,Parental Incarceration and School Discipline,
c38xe,JUDGEMENT,True,11074,0.86,hopkins365,Do Voting Criteria Differ across Levels? A Conjoint Experiment,
zmtbw,JUDGEMENT,True,9934,0.9,gervais1424,Does Political Incivility Polarize?,
zsekp,JUDGEMENT,True,9615,0.89,jacobsen176,Informing the Public or Information Overload? School accountability data,
vnm9y,JUDGEMENT,True,9486,0.97,"arceneaux1261, nickerson1312",Political Cue Taking on Social Media Among Teens / Adults,
nhgxf,JUDGEMENT,True,9344,1.0,merolla843,Emotional Reactions to Terrorism and Candidate Evaluations,
98muc,JUDGEMENT,True,9343,1.0,liberman073,Displaced International Punishment,
xc4yq,JUDGEMENT,True,8774,0.92,thompson157,"Terrorist Threat: Overreactions, Underreactions",
mebng,JUDGEMENT,True,8725,0.9,vraga1239,"New generation, new notion of news?",
mkgvp,JUDGEMENT,True,8690,0.89,headley1126,Affective Architecture: Physical Environment and Attitudes toward Police,
4nyuc,JUDGEMENT,True,8589,0.9,voglerS43,Precarious or Policed Sexualities?,
my275,JUDGEMENT,True,8561,1.0,nair1414,Vaccine Nationalism and Redistributive Preferences,
b3ve6,JUDGEMENT,True,8560,1.0,simonovitsM17,Using conjoint experiments to assess policy responsiveness,
mwj3k,JUDGEMENT,True,8339,1.0,guay574,The Political Effects of Large Number Estimation,
yg958,JUDGEMENT,True,7968,0.95,bolsenM6,Do Messages That Encourage They/Them Pronouns Influence Opinion?,
e2pyb,JUDGEMENT,True,7954,1.0,brownM10,Health-Related Racial Inequality Motivates Support for Action,
usywt,JUDGEMENT,True,7825,1.0,barnesS26,Distributive Justice in American Healthcare,
sjrpn,JUDGEMENT,True,6894,1.0,radnitz151,Determinants of Belief in Conspiracy Theories,
xym9d,JUDGEMENT,True,6726,0.91,shannonS28,Does Harsh Language Referring to Immigrants Translate into Harsher Preferences?,LSE author
53kjy,JUDGEMENT,True,6314,0.93,berinsky228,Unmasking Expressive Responses to Political Rumor Questions,
yuazs,JUDGEMENT,True,6255,0.9,middleton115,"Priming, Projection, or Both?",
ejms3,JUDGEMENT,True,6107,0.96,ryanS14,Are losers gullible? Ideological asymmetry in conspiracy beliefs,
gx6hp,JUDGEMENT,True,5248,1.0,kalmoe052,Consequences of Violent Political Rhetoric,
b5a4z,JUDGEMENT,True,5108,0.93,nair644,Misperceptions of the Global Income Distribution and Cross-National Redistribution,
5vyzq,JUDGEMENT,True,4831,0.92,nelson326,Women on the Bench: Judge Sex and the Courts,
yh2ef,JUDGEMENT,True,4678,1.0,ryan384,"Attitudes, Rhetoric, and Acceptance of Political Compromise",
9nphm,JUDGEMENT,True,4232,0.93,schaadS62,Telling the Story Right: Transgender and Non-Binary Rights,
v6nhw,JUDGEMENT,True,4003,0.94,hankinsonS22,Burden Sharing and Collective Action: Opioid Treatment Funding,
8jv6a,JUDGEMENT,True,3987,0.99,"Non,wallaceS9","International Law, Compliance, and Domestic Audience Costs",
prf7d,JUDGEMENT,True,3941,1.0,kosaiS50,Educational Attainment and Stigmatization in Prisoner Reentry,
5g882,JUDGEMENT,True,3896,1.0,arceneaux558,Understanding How Individual Differences and Context Shape Media Effects,
3muqx,JUDGEMENT,True,3539,0.89,hamiltonS31,Whom Do You Believe? Credibility in Sexual Assault,
pq5wm,JUDGEMENT,True,3099,0.85,barnes081,Big Trouble from Not-so-Little China: Culture of Honor,
mzm26,JUDGEMENT,True,2953,0.97,gross646,"Helping the Homeless: Empathy, Race, and Perceptions of Homelessness",
j38gd,JUDGEMENT,True,2601,1.0,kleinberg305,Gender and Non-Attitudes on Foreign Policy,
ervm8,JUDGEMENT,True,2515,0.92,hanmer076,Experiments to Reduce the Overreporting of Voting,
tcg8p,JUDGEMENT,True,2065,0.85,gorman1431,Do notifications affect willingness to incur power outages?,
t8xq7,JUDGEMENT,True,2058,1.0,corstangeBR69,American Responses to the Syrian Refugee Crisis,
s2rd5,JUDGEMENT,True,2006,1.0,flavin235,Public Attitudes about Political Equality,
84vy3,JUDGEMENT,True,1504,0.92,cassese094,User-Generated Political Communication: Credibility and Persuasive Impact,
v6kqy,DROP,False,75329,0.88,rode1532,The Tesla effect: Republican support for electric vehicle adoption,
vz5r4,DROP,False,49277,0.96,howat1039,Not all stereotypes are equal: partisan stereotypes on polarization,
mp3dr,DROP,False,28839,0.9,bielby276,Americans' Support for Workplace Interventions for Combating Racial and Gender Bias,
fct42,DROP,False,22128,0.9,groenendyk1419,What Counts as Racism?,
q9w6s,DROP,False,18770,1.0,wu1435,Candidate Asian-ness and Descriptive Representativeness,
kryns,DROP,False,18177,0.9,vega1526,The Future of Latinos' Policy Attitudes,
ams2u,DROP,False,17844,1.0,peterson757,The Electoral Consequences of Elite-Induced Opinion Change,
bwgjp,DROP,False,17250,0.6,spence706,Black Elite Rhetoric and American Public Opinion,hand: US partisan rhetoric + terrorism politics
yp736,DROP,False,16847,0.96,relihan1399,Politics and purity: elite partisan cues on pathogen perceptions,
v5u8r,DROP,False,16626,0.9,yadon1053,The Politics of Skin Color,
d3agv,DROP,False,16445,1.0,willer845,The Effects of Racial and Economic Threat on Support for the 2016 Presidential Candidates,
xfmrn,DROP,False,16379,1.0,connors1226,Everyone's Doing It: Affective Polarization is Inflated by Social Pressure,
k9ahx,DROP,False,15622,1.0,ciuk034,Assessing the Stability of Value Systems in the Mass Public,
cdgp2,DROP,False,15024,1.0,komisarchik1422,"Ballot Privacy, Voter Coercion and the 2020 US General Election",
52ymc,DROP,False,14497,0.91,behrends1417,Do White Americans' Beliefs about Racial Inequality depend on Sex of Target Group?,
rdmus,DROP,False,14383,0.91,piazza124,Terrorism Suspect Religious Identity and Support for Detention Practices,
hz5rt,DROP,False,14062,0.9,lauderdale028,Is Congress More Polarized than the Public?,
nk9jd,DROP,False,13803,1.0,levendusky741,Can We Reduce Affective Polarization in the Mass Public?,
r5hwx,DROP,False,13628,1.0,chu958,"Race, Religion, and American Support for Humanitarian Intervention",
cmxkt,DROP,False,13425,1.0,donovan184,The Determinants of Congressional Voting,
nst3w,DROP,False,12698,1.0,krupnikov245,How Candidate Race Conditions Voter Responses to Negative Ads,
j986z,DROP,False,12660,0.86,weisshaar1206,An Imperfect Match? Gender and Race in Perceptions of Job Applicants,
qzd3f,DROP,False,12013,0.95,graham1155,A Conditional Commitment? Partisan Identity and Support for Democracy,
waq4m,DROP,False,11698,1.0,perez102,Xenophobic Rhetoric and Its Political Effects on Latinos,
yn4gf,DROP,False,11050,0.9,ahler870,The Social Construction of Partisanship,
ux8qt,DROP,False,10270,1.0,newman062,Can an Attribution Frame Decrease the Impact of a Consideration on Presidential Approval?,
3jwnf,DROP,False,10009,1.0,wronski1286,Deadly Divisions in Mass Pandemic Responses,
345ms,DROP,False,9704,0.95,craig271,Is the Impending Majority-Minority United States Seen as a System Threat?,
2fuqc,DROP,False,9528,1.0,styleM7,Self-Enhancement and Expectations of Political Cynicism,
dehmv,DROP,False,9334,1.0,abrajano713,Using Experiments to Estimate Racially Polarized Voting,
hgmu6,DROP,False,8826,1.0,stephens-dougan1282,Backlash Effect? White Americans' Response to the Coronavirus Pandemic,
bqm6j,DROP,False,8491,1.0,sances141,Campaign Funding Disclosures and Mass Attitudes,
k9bwj,DROP,False,8405,1.0,jardinaS61,The Influence of the Terms We Use on Measures of Racial Attitudes,
8khwt,DROP,False,8373,0.9,sahaS66,Why Don't Politicians Talk About Meat?,
9fehm,DROP,False,8362,0.9,deppe340,Intuitive Conservatives and Analytical Liberals,
4rqy5,DROP,False,8000,1.0,huffmannM15,The Effect of News Coverage Celebrating Inclusion in Congress,
ef6my,DROP,False,7980,0.96,morell1263,All in the Family: Familial Attitudes on Women's Support for Pro-Women Policies,
r9v2d,DROP,False,7823,1.0,margolis233,The Intersection of Religion and Politics: A Two-Way Street,
6n5cz,DROP,False,7149,0.9,gibson230,The Legitimacy Conferring Capacity of the U.S. Supreme Court,
8be6n,DROP,False,6500,1.0,shuman1643,Understanding White Identity Management in a Changing America,
d3zvr,DROP,False,6025,0.9,moldenS82,Additional Sources of Negative Partisanship,
pb2rr,DROP,False,5578,0.91,abascal635,Black–White Relations in the Wake of Hispanic Growth,
n96d8,DROP,False,5357,1.0,guess742,"Gun Control, Attitude Change, and Bayesian Updating",
py9kw,DROP,False,5343,0.9,browerS27,Reframing Women's Issues: Intersectional Identity Frames,
8ypcc,DROP,False,5024,0.94,gibson610,Symbols of Justice or of Social Control? Views of African Americans,
xy8jw,DROP,False,4868,1.0,wayne841,The Emotional Substrates of Support for Authoritarian Populists,
zb5nv,DROP,False,4705,1.0,bergan208,The Flexible Correction Model and Party Labels,
3hjyt,DROP,False,4470,0.9,bai1223,Mechanical Asians and Animalistic Blacks,
ac9jm,DROP,False,4424,1.0,weber046,Understanding the Role of Religious Appeals in Political Communication,
wn3y9,DROP,False,4204,0.91,"klarBR57, klarBR70",Untangling a Dislike for the Opposing Party,
8tcj2,DROP,False,4169,1.0,goren054,Race and Big Government in the Age of Obama,
gdrbk,DROP,False,4025,0.85,kuruBR67,Polls that Matter: Horse Race Polling,
ncs7k,DROP,False,4006,0.9,faheyS78,"Cancel Culture for Friends, Consequence Culture for Enemies",
jtgyq,DROP,False,3949,1.0,pistonBR61,Explaining the Prevalence of White Biological Racism against Blacks,
9tv2b,DROP,False,3824,0.95,utychS77,The 'Democrat' Party: Consequences of Linguistic Choices,
3rvgz,DROP,False,3598,0.85,kmec1478,Racialized Organizations: Whiteness as a Credential,
kwfs3,DROP,False,3070,1.0,malhotra634,Economic Spillovers of Political Polarization,
9n7hj,DROP,False,2923,1.0,banks019,Anger: Racial Resentment Drives Opposition to Health Care Reform,
ar9e3,DROP,False,2005,1.0,groenendykS79,What Motivates Interest in Politics?,
de5hx,DROP,False,1961,1.0,kam-simas006,"Risk Orientations, Status Quo Frames, and Electoral Choice",
6esdw,DROP,False,1496,0.91,lee817,Networks in Time: 2004 General Social Survey Network Items,
48p7y,DROP,False,1397,0.86,pedulla170,The Mechanisms of Labor Market Discrimination: Black Male Job Applicants,
9fsem,DROP,False,1314,0.85,stagnaro1451,Motivated Numeracy & Enlightened Self-government replication,
z6gts,DROP,False,1087,1.0,jackson002,An Experiment in the Measurement of Social and Economic Ideology,
