topic,year,tess_id,title,is_new
cross-national,2024,golebiowska1700,Membership in a stigmatized religious minority and political support,
cross-national,2021,busby1344,Judgments of Extremism and Social Information,
cross-national,2019,blair1131,Do Women Make More Credible Threats? Gender Stereotypes and Crisis Bargaining,
cross-national,2018,schnabel903,"Are Religions Gender-Typed? The Perceived Femininity and Masculinity of Christians, Jews, Muslims, and Atheists",
cross-national,2018,terman1029,"Human Rights Shaming, Compliance, and Nationalist Backlash",
cross-national,2012,brandt267,Stigmatization as an Explanation for the Authoritarianism of the Uneducated,
cross-national,2011,ginersorolla136,Do Injustice and Power Determine Anger and Fear Toward Terrorist Groups?,
cross-national,2010,johns798,Civilian casualties and support for war: A comparative study,
cross-national,2010,swan095,When Others' Disbelief Engenders Prejudice: Characterizing Anti-Atheist Bias in America,
economics/behavioural,2023,voraM28,Complexity and Carbon Policy,
economics/behavioural,2023,maurel1594,Taxed or Indebted: Popular Preferences for Fiscal Instruments,
economics/behavioural,2023,taubinsky1559,Why do Governments Use Inefficient Environmental Policies?,
economics/behavioural,2022,bucci1408,Accounting for the Correlation between Perceived Risks and Rewards to Crime,
economics/behavioural,2022,conway1415,Consuming Values: Estimating Consumer Demand for Corporate Social Responsibility,
economics/behavioural,2021,elliott-negri1320,Two-Sided Collective Action: An Experimental Study of Grocery Consumers’ Behavior,
economics/behavioural,2020,silviS56,Temporal orientation and energy saving investments: a survey experiment,
economics/behavioural,2018,martinS11,Inattention to Game Form,
economics/behavioural,2016,richman839,Draining Social Ties and Financial Decision Making,
economics/behavioural,2016,roth766,How Does Economic Status Affect Social Preferences? Experimental Evidence,
economics/behavioural,2016,howard823,Understanding the Expense Prediction Bias,
economics/behavioural,2015,giner-sorollaB40,Lay Benchmarking of a Minimum Meaningful Effect Size for Conceptual Outcomes,
economics/behavioural,2015,wichowsky518,"Prosocial Motivation, Social Position, and Support for Social Welfare Policy",
economics/behavioural,2015,chabot647,Saving for retirement vs. Saving for a retirement with others: Motivating saving by framing retirement as a social experience,
economics/behavioural,2014,metcalf541,Do Better Labels Lead to Better Choices? Evidence from Energy Efficient Labels,
economics/behavioural,2013,mccrightkaplowitz160,Examining How Message Characteristics Influence Support for Gasoline Tax Increases,
economics/behavioural,2013,hill329,Giving as Habit? Exploring Modes of Cognition and Charitable Donations,
economics/behavioural,2012,schuldt301,"Believing in ""global warming"" versus ""climate change"": Exploring the psychological mechanisms of a framing effect",
economics/behavioural,2012,tasoff223,Exponential Growth Bias: Theory and Experiments,
economics/behavioural,2011,swim059,But how do you feel about climate change? Assessing affective reactions to climate change,
economics/behavioural,2011,tannenbaum103,Do Policy Defaults Communicate Choice-Relevant Information?,
economics/behavioural,2010,budescu779,Communicating Uncertainty in the Reports of the Intergovernmental Panel on Climate Change,
economics/behavioural,2010,turaga789,"Environmental Values, Beliefs, and Behavior",
economics/behavioural,2010,allcott034,"Gasoline Prices, Inattentive Consumers, and the Energy Paradox",
economics/behavioural,2010,allcott731,"Gasoline Prices, Inattentive Consumers, and the Energy Paradox",
economics/behavioural,2009,kam679,Attitudes toward Risk and Electoral Decision-Making,
economics/behavioural,2009,brandt708,Onset and Offset Controllability in Perceptions and Reactions to Home Mortgage Foreclosures,
economics/behavioural,2009,levine707,What Not to Say When Asking for Donations: How the Content of Requests Affects Participation,
economics/behavioural,2006,fong480,A randomized experiment on the determinants of generosity to the poor,
economics/behavioural,2005,schupp249,Determinants of Trust: A Comparative Analysis,
economics/behavioural,2005,yocom295,Studying the Effect of Income on Punitive Attitudes with a Two-List Factorial,
economics/behavioural,2005,weizsacker347,Who has Narrow Brackets?,
economics/behavioural,2004,bohnet192,Trust and Risk,
economics/behavioural,2003,houser118,Game Responses as Survey Instruments: Measuring the Constituents of Social Capital,
health communication,2024,bowers1607,Self-Affirmation Intervention for Weight Bias Internalization,
health communication,2022,elliottM14,"Causal Attributions, Treatability, and Mental Illness Stigma: An Experimental Study",
health communication,2022,wolfson1443,Do Sustainability Labels Lead to More Sustainable and Healthier Food Choices?,
health communication,2021,iles1294,Understanding Effects of Communicating Different Types of Conflicting Information About Nutrition and Cancer Risk,
health communication,2020,jakubiak1098,Do the benefits of receiving affectionate touch generalize beyond satisfied couples?,
health communication,2020,xuan1195,Does Self-affirmation Influence Health Message Processing through Changes in Construal Levels?,
health communication,2019,calarcoS38,Public Perceptions of Prenatal Alcohol Consumption,
health communication,2017,farrowS6,Does Misery Love Company?: Exploration of a Strategic Intervention to Improve Well-being,
health communication,2016,ferrer825,Conflict between curative and palliative goals among health care personnel: Elucidating psychological processes and resolving conflict through self-affirmation,
health communication,2016,scherer712,"Interest in Cancer Screening Tests That Lack Benefits: The Role of Cancer Worry, Perceived Cancer Risk, and Perceived Test Risk",
health communication,2016,mcginty730,Portrayals of Serious Mental Illness: Precursor to Violence or Treatable Health Condition?,
health communication,2015,ferrer549,Self-Affirmation and Defensiveness to Health Messages for the Self vs a Close Other,
health communication,2015,ferrer580,Self-Affirmation and Implementation Intentions: The Moderating Role of Discrete Emotion,
health communication,2015,mclaughlin672,What fosters patients' acceptance of Clinical Decision Support Systems? The influence of knowledge and provider type on popular willingness to use artificial medical intelligence,
health communication,2014,powroznik482,"Body Size, Illness, and Blame: Causal Attributions and Social Consequences",
health communication,2014,persky348,Emotion and Response to Physician-Provided Genetic Weight Management Messages,
health communication,2014,nayak609,Randomized Drug Trials without Consent? The Public's Perspective,
health communication,2013,chiong300,An experiment on the presumption of consent to emergency medical treatment,
health communication,2013,McGinty397,Effects of a Randomized Experiment Portraying Mental Illness and Drug Abuse as Treatable Health Conditions,
health communication,2012,wegener185,Behavioral Reactions to Skin Infections: Informing Agent-Based Modeling of the MRSA Epidemic,
health communication,2012,koblitz279,Self-Affirmation and Affect: Effects on Implementation Intentions,
health communication,2011,parmer138,Smallpox Vaccine Recommendations: Could Trust be a Shot in the Arm?,
health communication,2010,mello037,Patient Responses to Medical Error Disclosure: Does Compensation Matter?,
health communication,2008,nash123,Altruism versus Induced Empathy in Recruitment for Blood Donations,
health communication,2008,turner613,Motivating Emergency Preparedness Behaviors: The Effects of Guilt Appeals and Guilty Feelings,
health communication,2008,hilyard638,Two-Sided Messages and Pandemic Flu: Persuading the Public to Follow Contradictory Government Directives,
health communication,2006,phelan401,The impact of genetic causation of mental illness on attitudes and beliefs toward the illness,
health communication,2004,oliver159,Measuring Perceptions and Attitudes about Overweight and Obesity,
health communication,2004,corrigan201,"Shame, Blame and Contamination: Mental Illness Stigma and the Family",
health communication,2004,bodenhausen174,The Role of Gender Stereotypes in Mental Illness Stigma,
moral/social/cognition,2023,clifford1553,Are Moral Values Uniquely Divisive?,
moral/social/cognition,2023,kim1585,Does Allowing Firms to Pay to Pollute Reduce the Moral Stigma of Pollution?,
moral/social/cognition,2023,grossman1691,Paternalism and Deliberation,
moral/social/cognition,2023,quadlin1688,Whose is the conventional thought?,
moral/social/cognition,2022,johnson1389,Optimizing Schools? Public Perceptions of Algorithmic versus Status Quo Prioritization in K-12 Schooling,
moral/social/cognition,2021,ozer1324,Blame and Bias in Trust in Public Policy Algorithms,
moral/social/cognition,2021,chu1236,Educational Rankings and Adolescent Perceptions of College Cost,
moral/social/cognition,2021,wenz1387,How to increase the acceptance of mobile app and sensor data collection?,
moral/social/cognition,2021,hecht1248,When and How Teachers Communicate Growth Mindset Affordances to Adolescents,
moral/social/cognition,2021,quadlin1348,"Which College Graduates are Perceived as Trainable for Today’s Work World? Perceptions of Race, Gender, Achievement, and the Liberal Arts",
moral/social/cognition,2019,rifkin1073,"Introducing a Novel Framework for Understanding The Relationships Between Busyness, Idleness, and Happiness",
moral/social/cognition,2019,cohen1099,"Social Class, College Debt, and the Purpose of College",
moral/social/cognition,2018,Mireles1019,Women’s College Advantage and Public Perception of College Value in the Labor Market,
moral/social/cognition,2016,galesic90,Influence of Affect on Philosophical Intuitions,
moral/social/cognition,2015,trump605,Does Inequality Activate the System Justification Motivation?,
moral/social/cognition,2015,whillans626,The Barriers of Buying Happier Time,
moral/social/cognition,2014,schuman601,Do Collective Memory and Autobiographical Memory Refer to Different Developmental Stages?,
moral/social/cognition,2014,reedBR32,"When is ""bad stronger than good"" in decision making",
moral/social/cognition,2013,martin335,Addressing privacy online: A Factorial Vignette Survey to Assess Privacy Expectations of Behavioral Advertising,
moral/social/cognition,2013,morinchasseBR9,Moderating the Genetic Interpolation Effect,NEW
moral/social/cognition,2013,palmer347,Personality and Resistance to Persuasion,
moral/social/cognition,2013,browman297,Solo and Selfish: The Effects of Social Distancing and Rejection Sensitivity on Greedy Behavior,
moral/social/cognition,2013,yeagerbrief6,What's the Best Way to Motivate Kids?,
moral/social/cognition,2012,pinkston065,Impressionable Attitudes: Re-examining the malleability of implicit attitudes,
moral/social/cognition,2012,anthony272,Privacy in Context: Understanding User Privacy Behavior,
moral/social/cognition,2011,downs030,Can masking of video data reduce perceived invasion of privacy?,
moral/social/cognition,2011,schuman174,Collective Memory and Autobiographical Memory: Bridging the Divide,
moral/social/cognition,2011,vaala186,Marketing genius: The influence of claims and cues on parents’ evaluations of baby videos,
moral/social/cognition,2011,trawalter210,Racial Bias in Perceptions of Others’ Pain,
moral/social/cognition,2011,caprariello130,"To Do, to Have, or to Share? Valuing Experiences and Material Possessions by Involving Others",
moral/social/cognition,2010,baruh775,Impact of Information Disclosure on the Attractiveness of a Social Network Site Profile,
moral/social/cognition,2010,levitan812,"Knowledge, Social Constraint, and Self-Doubt: Mechanisms of Social Network Influence on Attitude Strength",
moral/social/cognition,2010,bauman024,Perceptions of Diversity Across Groups,
moral/social/cognition,2010,burke044,Taking Race at Face Value,
moral/social/cognition,2009,finkel722,Self-Regulatory Failure and Intimate Partner Violence Perpetration,NEW
moral/social/cognition,2009,goodwin694,The Disutility of Injustice,
moral/social/cognition,2008,hochschild635,About Face: The Association between Facial Appearance and Status Attainment among Military Personnel,NEW
moral/social/cognition,2008,converse632,Discomfort in Disagreement with God,
moral/social/cognition,2008,johnson646,Perceptions of Swearing: An Analysis of Perceived Face Threats and Communication Competence,
moral/social/cognition,2008,demarree684,Regulatory Focus as a Determinant of Feelings of Ambivalence and Ambivalence Reduction,
moral/social/cognition,2008,balakrishnan599,The Effect of Visual Imagery on the Formulation of Risk Perceptions,
moral/social/cognition,2007,eaton520,The effects of gender and power on persuasion,
moral/social/cognition,2007,converse561,With God on Our Side,
moral/social/cognition,2006,kurzban506,Do People Agree on how much Punishment fits Crimes?,
moral/social/cognition,2006,aron287,Effects of Outgroup Friendship Salience on Outgroup Attitudes and Moderating Conditions,
moral/social/cognition,2006,sinclair320,Estimating Number of Lifetime Sexual Partners: A Strategy Activation Study,
moral/social/cognition,2006,conley466,From the Eye of the Beholder:Attitudes about Physical Attractiveness and their Social and Demographic Correlates,
moral/social/cognition,2006,cimino445,Motivational Mechanisms and Hazing Behavior,
moral/social/cognition,2006,schlueter435,Reducing Intergroup Bias: Does Dual Identification Help or Harm?,
moral/social/cognition,2006,skitka436,Testing the Generalizability of the Moral Mandate Effect Under Conditions of Personal Voice,NEW
moral/social/cognition,2006,feld344,The Appropriateness of Retaliatory Violence: Effects of Gender and Relationship,
moral/social/cognition,2006,shang411,The Impact of Information from similar or different advisors on judgment,
moral/social/cognition,2005,smith418,"Capitalization, self-esteem, and building social resources",
moral/social/cognition,2005,kim-prieto252,Effect of mood on creativity,
moral/social/cognition,2005,goodwin369,Effects of Ostracism and Stigma on Self-Esteem,
moral/social/cognition,2005,lemay341,Effects of Rejection on Multiple Relationships,
moral/social/cognition,2005,reeder309,"Exploring the Generality of ""Naive Realism"": Perceptions of Bias in Others who Disagree with our Opinions",
moral/social/cognition,2005,bizer321,Generalization of the Valence Framing Effect,
moral/social/cognition,2005,knowles358,Maintaining a Sense of Belonging among the Socially Isolated,
moral/social/cognition,2005,darley324,"Moral Luck, Loss of Chance, and Legal Liability",
moral/social/cognition,2005,trumbo389,Perception of Synergistic Risk: Adjusted Anchoring Vignettes for Optimized Measurement,
moral/social/cognition,2005,johnson250,Politeness Theory and Conversational Refusals,
moral/social/cognition,2005,wakslak371,The Dynamics of System Justification,
moral/social/cognition,2004,visser210,Exploring the Social Bases of Attitude Strength,
moral/social/cognition,2004,cottrell280,General Prejudice Versus Discrete Emotions: Understanding Patterns of Intergroup Emotions,
moral/social/cognition,2003,green119,Emotional Responses to Infidelity: Investigating Jealousy with a National Sample,
moral/social/cognition,2003,schuman94,Recall vs. Judgment: Open-Closed Question Differences in Studying Collective Memory,
moral/social/cognition,2003,graham130,"Self-Esteem, Organization of Thoughts about Partners, and Context-Dependence of Partner Views",
survey methodology,2024,barabas1748,Replicating “Are Survey Experiments Externally Valid?”,
survey methodology,2023,saperstein1530,Optimizing Surveys: Studying Gender and Health Among LGBT Americans,
survey methodology,2022,patelM5,Vignette Order and the Measurement of Subjective Well-Being,
survey methodology,2020,stoker1063,Equivalency Framing of Societal Problems and Policy Solutions,
survey methodology,2019,morganS30,A Question-Wording Experiment on Support for Free Expression,
survey methodology,2019,margolis1204,Evangelical or Born-Again Christian: Unpacking a Double-Barreled Question,
survey methodology,2016,krupnikov719,Does Transparency Affect Survey Research?,
survey methodology,2016,sapersteinBR46,"Gender Identity and Diversity, Part 2",
survey methodology,2015,krosnick658,Cross-National Replication of Questions Design Experiments,
survey methodology,2015,mizeBR49,Precarious Sexuality and Categorization of Sexual Orientation,
survey methodology,2015,coppock696,Proposal to Replicate and Extend Seven TESS Studies,
survey methodology,2014,liuBR33,An Experiment Testing Six Formats of 0 to 100 Rating Scales,
survey methodology,2014,sapersteinBR44,Gender Identity and Diversity,
survey methodology,2013,leeper354,Are Population-Based Survey Experiments Truly Unparalleled? A Test Using Parallel Designs,
survey methodology,2013,keusch433,Impact of Response Scale Direction on Survey Responses to Factual/Behavioral Questions,
survey methodology,2013,garbarski322,Improving Measurement of Self-Reported Health: Effects of Question Context and Response Order,
survey methodology,2012,jerit315,Do Attempts to Improve Respondent Attention Increase Social Desirability Bias?,
survey methodology,2012,coronel202,Framing in Noisy Informational Environments,
survey methodology,2012,warren165,Panel Conditioning in Longitudinal Surveys: An Experiment,
survey methodology,2012,singer251,The Effect of Question Wording on Preferences for Prenatal Genetic Testing and Abortion,
survey methodology,2011,hopkins145,Assessing the Breadth of Framing Effects,
survey methodology,2010,grol-prokopczyk803,Does an Anchoring Vignette Character’s Sex Affect Respondents’ Ratings?,
survey methodology,2010,palmer020,The Intersection of Group and Outcome Frames in Shaping Opinion,
survey methodology,2009,yeager725,Does Mentioning ‘Some People’ and ‘Other People’ in an Attitude Question Improve Measurement Quality?,
survey methodology,2009,couper764,Vignette Study on Web Paradata,
survey methodology,2006,hopkins361,Priming to Improve Survey Measurement through Anchoring Vignettes,
survey methodology,2005,lasorsa251,Question Order Effects on Political Interest Reports,
survey methodology,2005,jacoby339,Value Choices in the Mass Public: Testing for Framing Effects and Hierarchical Structure,
survey methodology,2003,boxer125,An Investigation of Order Effects in the Measurement of Aggression and Aggressive Cognition,
work/family/gender,2024,earecksonM38,How does job gender-type influence perceptions of occupational status?,
work/family/gender,2024,behrmanM32,Measuring Fertility Preferences,
work/family/gender,2024,elliottM40,"Public Support for Remote Work Arrangements: An Experimental Study of the Effects of Occupational Status, Mental Health Status, and Gender",
work/family/gender,2023,behrman1586,"Childbearing Preferences in the Face of Work, Family, and Financial Constraints",
work/family/gender,2023,connorsM26,The Femin[ist] Mystique: How Group Perceptions Shape Affect and Identity,
work/family/gender,2021,munschS68,Gender and the Disparate Payoffs of Overwork,
work/family/gender,2019,banajiS39,Do Americans Think Surgeon = Male in 2019?,
work/family/gender,2019,melin1066,Testing a Theory of Hybrid Femininity,
work/family/gender,2017,Tak862,Gender Inequality in Product Markets,
work/family/gender,2016,pedulla821,Opting into Work-Family Policies: Comparing the Effects of Material and Cultural Concerns,
work/family/gender,2016,pepin791,Public Perception of Money in Families,
work/family/gender,2015,ishizuka661,"Preferences or Constraints? Education, Gender, and Parenting Attitudes",
work/family/gender,2015,doan663,The Division of Labor in Same-sex and Heterosexual Households,
work/family/gender,2015,demerjian628,The Wages of Parenthood: At the Intersection of Sexual Orientation and Child Caregiving,
work/family/gender,2014,yurk466,"A Piece of the Pie: Achievement, Children's Sex, and Parent Resource Distribution",
work/family/gender,2013,denny366,"Clarifying the Ideal Worker Norm: Workplace Evaluations of Women by Motherhood Status, Level of Involvement, and Race",
work/family/gender,2012,jacobs087,Attitudes toward the Employment of Mothers and Fathers,
work/family/gender,2012,pedulla296,"Can We Finish the Revolution? Gender, Work-Family Ideals, and Institutional Constraint",
work/family/gender,2012,denny262,"Examining the ‘Raced’ Fatherhood Premium: Workplace Evaluations of Men by Race, Fatherhood Status, and Level of Involvement",
work/family/gender,2012,tucker247,"Laws, Norms, and the Motherhood/Caretaker Penalty",
work/family/gender,2011,katz078,Devaluation and Valuation in the Labor Market,
work/family/gender,2011,paustianunderdahl098,Gender and Physical Attractiveness as Status Beliefs,
work/family/gender,2010,schnettler040,Fairness and Favorability Assessments of Differential Parental Investment in the U.S.,
work/family/gender,2010,johnson811,"Gender Threat, Emotional Expressiveness, and Gender Differences in Risk Ratings",NEW
work/family/gender,2010,Michniewicz038,Men's (Mis)Perceptions of the Stigma of Unemployment,
work/family/gender,2010,phamkanter033,Weight-Based Discrimination at Work,
work/family/gender,2010,shafer012,Why Hillary Rodham Became Hillary Clinton: Consequences of Non-Traditional Last Name Choice in Marriage,
work/family/gender,2007,taylor515,Nature or Nurture?: Explanations for Observed Gender Differences and their Effect on Gender Ideology and Political Opinions,
work/family/gender,2007,lovaglia514,The Age-Gender Interaction Effect on Status Expectations: Investigation and Career Implications,
work/family/gender,2005,mollborn390,Measuring Teenage Pregnancy Norms and Their Effect on Resource Provision,
work/family/gender,2005,benard241,"Statistical Discrimination, Stereotyping, and Evaluations of Worker Productivity",
work/family/gender,2005,rashotte392,Status Effects of Gender,
