year,tess_id,title,verdict,topic,is_new
2024,salvador1604,"Emotional Interdependence in the United States: A Comparison of Latinx, East Asian, African, and European Americans",DROP,US race and ethnicity framing,
2024,earecksonM38,How does job gender-type influence perceptions of occupational status?,KEEP,work/family/gender,
2024,behrmanM32,Measuring Fertility Preferences,KEEP,work/family/gender,
2024,golebiowska1700,Membership in a stigmatized religious minority and political support,KEEP,cross-national,
2024,elliottM40,"Public Support for Remote Work Arrangements: An Experimental Study of the Effects of Occupational Status, Mental Health Status, and Gender",KEEP,work/family/gender,
2024,barabas1748,Replicating “Are Survey Experiments Externally Valid?”,KEEP,survey methodology,
2024,bowers1607,Self-Affirmation Intervention for Weight Bias Internalization,KEEP,health communication,
2024,simas1701,The Conditional Value of Legislators' Effectiveness,DROP,"Congress, presidency, Supreme Court, federalism",
2024,glazier1698,“But aren’t they too young to know they are transgender?”: Perceptions of gender development and the rise of anti-transgender legislation,JUDGEMENT,"Gender/LGBT attitudes (universal topic, US legal context)",
2023,willeck1522,Active Civics and Engagement,DROP,"Congress, presidency, Supreme Court, federalism",
2023,clifford1553,Are Moral Values Uniquely Divisive?,KEEP,moral/social/cognition,
2023,behrman1586,"Childbearing Preferences in the Face of Work, Family, and Financial Constraints",KEEP,work/family/gender,
2023,voraM28,Complexity and Carbon Policy,KEEP,economics/behavioural,
2023,kim1585,Does Allowing Firms to Pay to Pollute Reduce the Moral Stigma of Pollution?,KEEP,moral/social/cognition,
2023,ollerenshawM29,Does Partisanship Influence General Self-Rated Health in the Post-COVID Era?,DROP,Partisan identity and cues,
2023,clayton1617,Interventions to Help Citizens Identify Incremental Democratic Backsliding,JUDGEMENT,"Media, misinformation, deliberation",
2023,saperstein1530,Optimizing Surveys: Studying Gender and Health Among LGBT Americans,KEEP,survey methodology,
2023,grossman1691,Paternalism and Deliberation,KEEP,moral/social/cognition,
2023,taylorpoppe1574,Perceptions of Legality and Civil Justice,JUDGEMENT,Candidate and representation experiments (conjoint/vignette mechanics travel; parties don't),
2023,schulz1534,Platform Effects: Estimating Online vs. Offline Polarization & Self-Censorship in Political Speech,JUDGEMENT,"Media, misinformation, deliberation",
2023,kmec1478,Racialized Organizations and the Reproduction of Inequality: Assessing Support for Whiteness as a Credential and the Preservation of Racial Ignorance,DROP,US race and ethnicity framing,
2023,mccall1690,Rising Income Inequality and the Perceived Social Structure of Economic Opportunity,JUDGEMENT,"Inequality, welfare, redistribution",
2023,maurel1594,Taxed or Indebted: Popular Preferences for Fiscal Instruments,KEEP,economics/behavioural,
2023,kubicki1576,The De-gendering and Dehumanization of Transgender People,JUDGEMENT,"Gender/LGBT attitudes (universal topic, US legal context)",
2023,connorsM26,The Femin[ist] Mystique: How Group Perceptions Shape Affect and Identity,KEEP,work/family/gender,
2023,rode1532,The Tesla effect: Increasing Republican support for electric vehicle adoption through engagement with a value-aligned product,DROP,Partisan identity and cues,
2023,shuman1643,Understanding White Identity Management in a Changing America,DROP,US race and ethnicity framing,
2023,simonovitsM17,Using conjoint experiments to assess policy responsiveness,JUDGEMENT,Candidate and representation experiments (conjoint/vignette mechanics travel; parties don't),
2023,quadlin1688,Whose is the conventional thought?,KEEP,moral/social/cognition,
2023,taubinsky1559,Why do Governments Use Inefficient Environmental Policies?,KEEP,economics/behavioural,
2022,bucci1408,Accounting for the Correlation between Perceived Risks and Rewards to Crime,KEEP,economics/behavioural,
2022,elliottM14,"Causal Attributions, Treatability, and Mental Illness Stigma: An Experimental Study",KEEP,health communication,
2022,conway1415,Consuming Values: Estimating Consumer Demand for Corporate Social Responsibility,KEEP,economics/behavioural,
2022,bolsenM6,Do Messages That Encourage the Use of They/Them Pronouns Influence Public Opinion?,JUDGEMENT,"Gender/LGBT attitudes (universal topic, US legal context)",
2022,gorman1431,Do notifications affect consumers willingness to incur power outages? Evidence from Public Safety Power Shutoffs in California,JUDGEMENT,Other,
2022,wolfson1443,Do Sustainability Labels Lead to More Sustainable and Healthier Food Choices?,KEEP,health communication,
2022,behrends1417,Do White Americans’ Beliefs about Racial Inequality depend on the Sex of the Target Group? Evidence from a Survey Based Experiment,DROP,US race and ethnicity framing,
2022,brownM10,Health-Related Racial Inequality Motivates Support for Action,JUDGEMENT,Other,
2022,stagnaro1451,"Motivations, priors and probability samples: A replication of Motivated Numeracy & Enlightened Self-government using a probability sample",DROP,Partisan identity and cues,
2022,johnson1389,Optimizing Schools? Public Perceptions of Algorithmic versus Status Quo Prioritization in K-12 Schooling,KEEP,moral/social/cognition,
2022,relihan1399,Politics and purity: The effect of elite partisan cues on pathogen perceptions,DROP,Partisan identity and cues,
2022,styleM7,Self-Enhancement and Expectations of Political Cynicism,DROP,Partisan identity and cues,
2022,huffmannM15,The Effect of News Coverage Celebrating Inclusion in Congress,DROP,US race and ethnicity framing,
2022,vega1526,The Future of Latinos’ Policy Attitudes Amid the Rising Diversity in the United States,DROP,US race and ethnicity framing,
2022,senS81,Understanding Ideal Descriptive Representation,JUDGEMENT,Candidate and representation experiments (conjoint/vignette mechanics travel; parties don't),
2022,newman1436,Values-consistent messaging to a vaccine skeptical population,JUDGEMENT,Other,
2022,patelM5,Vignette Order and the Measurement of Subjective Well-Being,KEEP,survey methodology,
2022,groenendyk1419,What Counts as Racism? How Conceptual Disagreement Fuels Social and Political Division,DROP,US race and ethnicity framing,
2021,moldenS82,Additional Sources of Negative Partisanship: Judging Others’ Values based on Political Affiliation,DROP,Partisan identity and cues,
2021,morell1263,All in the Family: The Effects of Familial Attitudes on Women’s Support for Pro-Women Policies,DROP,US race and ethnicity framing,
2021,komisarchik1422,"Ballot Privacy, Voter Coercion and the 2020 US General Election",DROP,"Congress, presidency, Supreme Court, federalism",
2021,ozer1324,Blame and Bias in Trust in Public Policy Algorithms,KEEP,moral/social/cognition,
2021,faheyS78,"Cancel Culture for Friends, Consequence Culture for Enemies: The Effects of Ideological Congruence on Perceptions of Free Speech",DROP,Partisan identity and cues,
2021,wu1435,Candidate Asian-ness and Descriptive Representativeness,DROP,US race and ethnicity framing,
2021,mezzapelle1439,Do Victims’ Race and Gender Identity Interact to Predict the Perceived Credibility of Sexual Harassment Claims?,JUDGEMENT,Candidate and representation experiments (conjoint/vignette mechanics travel; parties don't),
2021,schnabel1440,Does Elite Philanthropy Increase Support for Plutocracy?,JUDGEMENT,"Inequality, welfare, redistribution",
2021,gervais1424,Does Political Incivility Polarize? Considering the Role of Intergroup Dynamics,JUDGEMENT,Other,
2021,chu1236,Educational Rankings and Adolescent Perceptions of College Cost,KEEP,moral/social/cognition,
2021,brownS80,Equality is Misperceived as Harmful to Advantaged Groups: An Intervention to Increase Vaccine Equity Support,JUDGEMENT,Other,
2021,munschS68,Gender and the Disparate Payoffs of Overwork,KEEP,work/family/gender,
2021,wenz1387,How to increase the acceptance of mobile app and sensor data collection?,KEEP,moral/social/cognition,
2021,busby1344,Judgments of Extremism and Social Information,KEEP,cross-national,
2021,vraga1239,"New generation, new notion of news? Measuring news-ness based on relevance, topic, and context among teens",JUDGEMENT,"Media, misinformation, deliberation",
2021,nickerson1312,Political Cue Taking on Social Media Among Adults in Comparison to Teens,JUDGEMENT,"Media, misinformation, deliberation",
2021,arceneaux1261,Political Cue Taking on Social Media Among Teens,JUDGEMENT,"Media, misinformation, deliberation",
2021,schaadS62,Telling the Story Right: Explaining Support for Transgender and Non-Binary Rights,JUDGEMENT,"Gender/LGBT attitudes (universal topic, US legal context)",
2021,campbell1258,The Effects of Exposure to Women Candidates on Adolescents’ Political Attitudes,JUDGEMENT,Candidate and representation experiments (conjoint/vignette mechanics travel; parties don't),
2021,campbell1308,The Effects of Exposure to Women Candidates on Political Attitudes,JUDGEMENT,Candidate and representation experiments (conjoint/vignette mechanics travel; parties don't),
2021,jardinaS61,The Influence of the Terms We Use on Measures of Racial Attitudes,DROP,US race and ethnicity framing,
2021,utychS77,The ‘Democrat’ Party: Consequences (or lack thereof) of Linguistic Choices,DROP,Partisan identity and cues,
2021,elliott-negri1320,Two-Sided Collective Action: An Experimental Study of Grocery Consumers’ Behavior,KEEP,economics/behavioural,
2021,iles1294,Understanding Effects of Communicating Different Types of Conflicting Information About Nutrition and Cancer Risk,KEEP,health communication,
2021,nair1414,Vaccine Nationalism and Redistributive Preferences,JUDGEMENT,Immigration,
2021,groenendykS79,What Motivates Interest in Politics?,DROP,Partisan identity and cues,
2021,hecht1248,When and How Teachers Communicate Growth Mindset Affordances to Adolescents,KEEP,moral/social/cognition,
2021,quadlin1348,"Which College Graduates are Perceived as Trainable for Today’s Work World? Perceptions of Race, Gender, Achievement, and the Liberal Arts",KEEP,moral/social/cognition,
2021,sahaS66,Why Don't Politicians Talk About Meat? Voter Backlash and the Limits of Innovation Credit,DROP,US policy specifics,
2020,graham1155,A Conditional Commitment? Partisan Identity and Support for Democracy in the United States,DROP,Partisan identity and cues,
2020,weisshaar1206,An Imperfect Match? How Gender and Race Influence Perceptions of Job Applicants by Qualification Levels,DROP,US race and ethnicity framing,
2020,valentinoS58,ANES Coronavirus Items,DROP,US policy specifics,
2020,stephens-dougan1282,Backlash Effect? White Americans' Response to the Coronavirus Pandemic,DROP,US race and ethnicity framing,
2020,wronski1286,Deadly Divisions in Mass Pandemic Responses,DROP,Partisan identity and cues,
2020,jakubiak1098,Do the benefits of receiving affectionate touch generalize beyond satisfied couples?,KEEP,health communication,
2020,xuan1195,Does Self-affirmation Influence Health Message Processing through Changes in Construal Levels?,KEEP,health communication,
2020,kosaiS50,Educational Attainment and Stigmatization in Prisoner Reentry,JUDGEMENT,Other,
2020,thorsonS42,Effects of Misinformation News Coverage on Media Trust,JUDGEMENT,"Media, misinformation, deliberation",
2020,stoker1063,Equivalency Framing of Societal Problems and Policy Solutions,KEEP,survey methodology,
2020,connors1226,Everyone’s Doing It: Affective Polarization is Inflated by Social Pressure,DROP,Partisan identity and cues,
2020,klarS44,Gender Versus Party? Do Abortion Frames Affect Issue Engagement?,JUDGEMENT,"Gender/LGBT attitudes (universal topic, US legal context)",
2020,clifford1222,How Candidates Can Signal Sincerity in an Era of Cynicism,JUDGEMENT,Candidate and representation experiments (conjoint/vignette mechanics travel; parties don't),
2020,blundell1051,Lotteries: A Behavioral Welfare Evaluation,JUDGEMENT,Other,
2020,bai1223,Mechanical Asians and Animalistic Blacks: The Political Implications of The Symmetry of Two Forms of Dehumanization in Racial Perceptions,DROP,US race and ethnicity framing,
2020,allcottS57,Polarization in Pandemics: Partisan Differences in Coronavirus Social Distancing,DROP,Partisan identity and cues,
2020,hollin1121,"Price Disclosure Laws for Direct-to-Consumer Pharmaceutical Advertising: Price Transparency, Information Asymmetry and Consumer Behavior",JUDGEMENT,Other,
2020,silviS56,Temporal orientation and energy saving investments: a survey experiment,KEEP,economics/behavioural,
2020,raychaudhuri1265,The Political Effects of Opioid Addiction Frames,JUDGEMENT,Other,
2019,morganS30,A Question-Wording Experiment on Support for Free Expression,KEEP,survey methodology,
2019,headley1126,Affective Architecture: Isolating the Influence of Physical Environment on Perceptual and Behavioral Attitudes toward Police,JUDGEMENT,Other,
2019,silverman1035,Can Factual Misperceptions be Corrected? An Experiment on American Public Fears of Terrorism,JUDGEMENT,"Foreign policy and international law (abstract scenarios, US as actor)",
2019,barnesS26,Distributive Justice in American Healthcare,JUDGEMENT,Other,
2019,banajiS39,Do Americans Think Surgeon = Male in 2019?,KEEP,work/family/gender,
2019,blair1131,Do Women Make More Credible Threats? Gender Stereotypes and Crisis Bargaining,KEEP,cross-national,
2019,margolis1204,Evangelical or Born-Again Christian: Unpacking a Double-Barreled Question,KEEP,survey methodology,
2019,grace1119,Factors Affecting Public Opinion on Transgender Medical Care Refusal,JUDGEMENT,"Gender/LGBT attitudes (universal topic, US legal context)",
2019,hankinson1070,How Group Identity Shapes Opioid Treatment Policy Opinion,JUDGEMENT,Other,
2019,rifkin1073,"Introducing a Novel Framework for Understanding The Relationships Between Busyness, Idleness, and Happiness",KEEP,moral/social/cognition,
2019,voglerS43,Precarious or Policed Sexualities? How Race and Gender Affect the Categorization of Sexual Behaviors,JUDGEMENT,"Gender/LGBT attitudes (universal topic, US legal context)",
2019,calarcoS38,Public Perceptions of Prenatal Alcohol Consumption,KEEP,health communication,
2019,browerS27,Reframing Women’s Issues: How Intersectional Identity Frames affect Women’s Political Attitudes,DROP,US race and ethnicity framing,
2019,cohen1099,"Social Class, College Debt, and the Purpose of College",KEEP,moral/social/cognition,
2019,melin1066,Testing a Theory of Hybrid Femininity,KEEP,work/family/gender,
2019,krupnikovS34,The Partisan Gender Gap: Genuine Attachment or Social Motivation?,DROP,Partisan identity and cues,
2019,yadon1053,The Politics of Skin Color: Skin Color as a Politicized Identity for African Americans,DROP,US race and ethnicity framing,
2019,hamiltonS31,Whom Do You Believe? Assessing Credibility of the Accuser and Accused in Sexual Assault,JUDGEMENT,Candidate and representation experiments (conjoint/vignette mechanics travel; parties don't),
2018,bandara1015,A Randomized Experiment to Test the Effects of Message Frames on Social Stigma and Support for Punitive Policies towards Individuals with Prior Drug Convictions,JUDGEMENT,Other,
2018,kennedy1017,Accidental Environmentalists: Examining the Effect of Income on Positive Social Evaluations of Environmentally-Friendly Lifestyles,JUDGEMENT,"Inequality, welfare, redistribution",
2018,simas880,Ambiguous Rhetoric and Legislative Accountability,JUDGEMENT,Candidate and representation experiments (conjoint/vignette mechanics travel; parties don't),
2018,shannonS2,Are Americans Willing to Reject a Fiscal Benefit to Exclude Immigrants from Public Entitlements?,JUDGEMENT,Immigration,
2018,ryanS14,Are losers gullible? A new test of ideological asymmetry in conspiracy beliefs,JUDGEMENT,"Media, misinformation, deliberation",
2018,schnabel903,"Are Religions Gender-Typed? The Perceived Femininity and Masculinity of Christians, Jews, Muslims, and Atheists",KEEP,cross-national,
2018,hankinsonS22,Burden Sharing and Collective Action: A Study of Opinion on Opioid Treatment Funding,JUDGEMENT,Other,
2018,hill878,Citizen Beliefs About Media Bias in the United States,DROP,media/misinformation,NEW
2018,shannonS28,Does Harsh Language Referring to Immigrants Translate into Harsher Preferences for Immigration Policies – Or Is It All Politics?,JUDGEMENT,Immigration,
2018,dietze961,How Social Class and the Framing of Income Inequality Affect Solidarity Within & Across Groups,JUDGEMENT,"Inequality, welfare, redistribution",
2018,terman1029,"Human Rights Shaming, Compliance, and Nationalist Backlash",KEEP,cross-national,
2018,martinS11,Inattention to Game Form,KEEP,economics/behavioural,
2018,howat1039,Not all stereotypes are equal: Consequences of partisan stereotypes on polarization,DROP,Partisan identity and cues,
2018,mccabeS19,Public Opinion and Attributions for Health Care Costs,JUDGEMENT,Other,
2018,chu958,"Race, Religion, and American Support for Humanitarian Intervention",DROP,US race and ethnicity framing,
2018,ahler870,The Social Construction of Partisanship: Misperceptions About Party Composition and Partisan Identification,DROP,Partisan identity and cues,
2018,chengS15,Understanding Public Perceptions of Absolute and Relative Social Mobility,JUDGEMENT,"Inequality, welfare, redistribution",
2018,Mireles1019,Women’s College Advantage and Public Perception of College Value in the Labor Market,KEEP,moral/social/cognition,
2018,Harbridge-Yong1032,You Can't Always Get What You Want: How Majority-Party Agenda-Setting and Ignored Alternatives Shape Public Attitudes,DROP,"Congress, presidency, Supreme Court, federalism",
2017,Haaland874,Beliefs about Racial Discrimination,JUDGEMENT,"Inequality, welfare, redistribution",
2017,baum871,Crime Reporting and Adjudication in US Rape Culture,JUDGEMENT,Candidate and representation experiments (conjoint/vignette mechanics travel; parties don't),
2017,farrowS6,Does Misery Love Company?: Exploration of a Strategic Intervention to Improve Well-being,KEEP,health communication,
2017,powellS4,Factors Affecting Attitudes Toward Transgender Bathroom Use,JUDGEMENT,"Gender/LGBT attitudes (universal topic, US legal context)",
2017,Tak862,Gender Inequality in Product Markets,KEEP,work/family/gender,
2017,wallaceS9,"International Law, (Non)Compliance, and Domestic Audience Costs",JUDGEMENT,"Foreign policy and international law (abstract scenarios, US as actor)",
2017,bougher893,Issue (Dis)agreement and Intergroup Bias in Affective Polarization,DROP,Partisan identity and cues,
2017,Mutz886,The Political Impact of Others' Job Loss: Personifying the Enemy,DROP,partisan identity,NEW
2017,williamson859,“The Taxpayer Gap”: Perceptions of the Taxpaying Population and Opposition to Welfare Spending,JUDGEMENT,"Inequality, welfare, redistribution",
2016,corstangeBR69,American Responses to the Syrian Refugee Crisis,JUDGEMENT,Immigration,
2016,levendusky741,Can We Reduce Affective Polarization in the Mass Public?,DROP,Partisan identity and cues,
2016,ferrer825,Conflict between curative and palliative goals among health care personnel: Elucidating psychological processes and resolving conflict through self-affirmation,KEEP,health communication,
2016,hankinson707,Do liberals and conservatives differ in attitudes towards new housing development? A conjoint experiment to understand ideology and the housing affordability crisis,JUDGEMENT,Candidate and representation experiments (conjoint/vignette mechanics travel; parties don't),
2016,krupnikov719,Does Transparency Affect Survey Research?,KEEP,survey methodology,
2016,richman839,Draining Social Ties and Financial Decision Making,KEEP,economics/behavioural,
2016,merolla843,Emotional Reactions to Terrorism and Candidate Evaluations,JUDGEMENT,"Foreign policy and international law (abstract scenarios, US as actor)",
2016,pistonBR61,Explaining the Prevalence of White Biological Racism against Blacks,DROP,US race and ethnicity framing,
2016,braman751,"Exploring the Role of Constitutional Considerations, Public Support and Personal Preferences in Citizen Assessments of Proposed Congressional Action on Immigration and Gun Control",DROP,"Congress, presidency, Supreme Court, federalism",
2016,sapersteinBR46,"Gender Identity and Diversity, Part 2",KEEP,survey methodology,
2016,sirin837,Group Empathy as an Explanation for Variation in U.S. Intergroup Reactions to Humanitarian Emergencies Abroad and Refugee Crises,JUDGEMENT,Immigration,
2016,guess742,"Gun Control, Attitude Change, and Bayesian Updating",DROP,US policy specifics,
2016,sydnor770,How Conflict Orientation Influences Emotional and Political Responses to Incivility,JUDGEMENT,Other,
2016,roth766,How Does Economic Status Affect Social Preferences? Experimental Evidence,KEEP,economics/behavioural,
2016,schildkraut726,"How Whites React to Demographic Change: Millennials, Contract, and Identity",DROP,US race and ethnicity framing,
2016,galesic90,Influence of Affect on Philosophical Intuitions,KEEP,moral/social/cognition,
2016,scherer712,"Interest in Cancer Screening Tests That Lack Benefits: The Role of Cancer Worry, Perceived Cancer Risk, and Perceived Test Risk",KEEP,health communication,
2016,enos700,Is Modern Racism Caused by Anti-Black Affect? An Experimental Investigation of the Attitudes Measured by Modern Racism Scales,DROP,US race and ethnicity framing,
2016,lee817,Networks in Time: Testing Contextual Effects in the 2004 General Social Survey Network Items,DROP,US policy specifics,
2016,pedulla821,Opting into Work-Family Policies: Comparing the Effects of Material and Cultural Concerns,KEEP,work/family/gender,
2016,knaphus745,Parental Incarceration and School Discipline: Examining the Effect of Parental Incarceration on Teacher Decision-Making,JUDGEMENT,Other,
2016,shafranekBR71,Political Consequences of Apolitical Partisan Conflict,DROP,Partisan identity and cues,
2016,kuruBR67,Polls that Matter: Dynamics of Horse Race Polling and Public Evaluation of Poll Reports,DROP,"Congress, presidency, Supreme Court, federalism",
2016,mcginty730,Portrayals of Serious Mental Illness: Precursor to Violence or Treatable Health Condition?,KEEP,health communication,
2016,pepin791,Public Perception of Money in Families,KEEP,work/family/gender,
2016,craig735,Racial Majority & Minority Group Members' Psychological and Political Reactions to Minority Population Growth,DROP,US race and ethnicity framing,
2016,willer845,The Effects of Racial and Economic Threat on Support for the 2016 Presidential Candidates,DROP,"Congress, presidency, Supreme Court, federalism",
2016,peterson757,The Electoral Consequences of Elite-Induced Opinion Change,DROP,Partisan identity and cues,
2016,wayne841,The Emotional Substrates of Support for Authoritarian Populists,DROP,Partisan identity and cues,
2016,howard823,Understanding the Expense Prediction Bias,KEEP,economics/behavioural,
2016,klarBR57,Untangling a Dislike for the Opposing Party from a Dislike of Parties,DROP,Partisan identity and cues,
2016,klarBR70,"Untangling a Dislike for the Opposing Party from a Dislike of Parties, Replication",DROP,Partisan identity and cues,
2016,abrajano713,Using Experiments to Estimate Racially Polarized Voting,DROP,US race and ethnicity framing,
2016,ansonBR60,Which Economy? Class and Partisan Biases in the Acquisition of Economic Information,DROP,Partisan identity and cues,
2015,gampa616,(Ideo)Logical Reasoning: Ideology Impairs Sound Reasoning,DROP,Partisan identity and cues,
2015,schnabelBR47,Americans' Views on Refusal of Services to Same-Sex Couples and Interracial Couples,JUDGEMENT,"Gender/LGBT attitudes (universal topic, US legal context)",
2015,abascal635,Black–White Relations in the Wake of Hispanic Growth: Generosity and Identification,DROP,US race and ethnicity framing,
2015,krosnick658,Cross-National Replication of Questions Design Experiments,KEEP,survey methodology,
2015,trump605,Does Inequality Activate the System Justification Motivation?,KEEP,moral/social/cognition,
2015,malhotra634,Economic Spillovers of Political Polarization,DROP,Partisan identity and cues,
2015,gross646,"Helping the Homeless: Empathy, Race, and Perceptions of Homelessness in America",JUDGEMENT,"Inequality, welfare, redistribution",
2015,giner-sorollaB40,Lay Benchmarking of a Minimum Meaningful Effect Size for Conceptual Outcomes,KEEP,economics/behavioural,
2015,nair644,Misperceptions of the Global Income Distribution and Preferences for Cross-National Redistribution in the United States,JUDGEMENT,"Inequality, welfare, redistribution",
2015,johnstonBR46,On the Appeal of Libertarianism in the U.S. Public,DROP,Partisan identity and cues,
2015,mizeBR49,Precarious Sexuality and Categorization of Sexual Orientation,KEEP,survey methodology,
2015,ishizuka661,"Preferences or Constraints? Education, Gender, and Parenting Attitudes",KEEP,work/family/gender,
2015,coppock696,Proposal to Replicate and Extend Seven TESS Studies,KEEP,survey methodology,
2015,wichowsky518,"Prosocial Motivation, Social Position, and Support for Social Welfare Policy",KEEP,economics/behavioural,
2015,chabot647,Saving for retirement vs. Saving for a retirement with others: Motivating saving by framing retirement as a social experience,KEEP,economics/behavioural,
2015,ferrer549,Self-Affirmation and Defensiveness to Health Messages for the Self vs a Close Other,KEEP,health communication,
2015,ferrer580,Self-Affirmation and Implementation Intentions: The Moderating Role of Discrete Emotion,KEEP,health communication,
2015,gibson610,Symbols of Justice or of Social Control? Legal Authority and the Views of African Americans,DROP,US race and ethnicity framing,
2015,mccall723,Testing the Opportunity Model of Beliefs about Economic Inequality,JUDGEMENT,"Inequality, welfare, redistribution",
2015,whillans626,The Barriers of Buying Happier Time,KEEP,moral/social/cognition,
2015,doan663,The Division of Labor in Same-sex and Heterosexual Households,KEEP,work/family/gender,
2015,demerjian628,The Wages of Parenthood: At the Intersection of Sexual Orientation and Child Caregiving,KEEP,work/family/gender,
2015,arceneaux558,Understanding How Individual Differences and Context Shape Media Effects,JUDGEMENT,"Media, misinformation, deliberation",
2015,mclaughlin672,What fosters patients' acceptance of Clinical Decision Support Systems? The influence of knowledge and provider type on popular willingness to use artificial medical intelligence,KEEP,health communication,
2015,newman508,Work and Democratic Citizenship: A Theory of Ego Depletion and Political Participation,JUDGEMENT,Other,
2014,yurk466,"A Piece of the Pie: Achievement, Children's Sex, and Parent Resource Distribution",KEEP,work/family/gender,
2014,liuBR33,An Experiment Testing Six Formats of 0 to 100 Rating Scales,KEEP,survey methodology,
2014,powroznik482,"Body Size, Illness, and Blame: Causal Attributions and Social Consequences",KEEP,health communication,
2014,pereira402,Can Women's Representation Reduce the Effect of Stereotype Threat on the Gender Gap in Political Knowledge?,JUDGEMENT,Other,
2014,metcalf541,Do Better Labels Lead to Better Choices? Evidence from Energy Efficient Labels,KEEP,economics/behavioural,
2014,schuman601,Do Collective Memory and Autobiographical Memory Refer to Different Developmental Stages?,KEEP,moral/social/cognition,
2014,hopkins365,Do Voting Criteria Differ across Levels of the U.S. Federal System? A Conjoint Experiment to Understand Voter Decision-making,JUDGEMENT,Candidate and representation experiments (conjoint/vignette mechanics travel; parties don't),
2014,persky348,Emotion and Response to Physician-Provided Genetic Weight Management Messages,KEEP,health communication,
2014,kallaBR42,Equal Representation Project,JUDGEMENT,Candidate and representation experiments (conjoint/vignette mechanics travel; parties don't),
2014,peterson438,Extreme Policy Proposals and Public Opinion,JUDGEMENT,Candidate and representation experiments (conjoint/vignette mechanics travel; parties don't),
2014,sapersteinBR44,Gender Identity and Diversity,KEEP,survey methodology,
2014,suhay416,How Scientific Beliefs about the Causes of Homosexuality Influence Opinion on Gay Rights,JUDGEMENT,"Gender/LGBT attitudes (universal topic, US legal context)",
2014,nelsonBR35,How Should We Measure the Perceived Ideological Position of the US Supreme Court?,DROP,"Congress, presidency, Supreme Court, federalism",
2014,wallace432,"Leaders, the Public, and the Domestic Effects of International Law",JUDGEMENT,"Foreign policy and international law (abstract scenarios, US as actor)",
2014,nayak609,Randomized Drug Trials without Consent? The Public's Perspective,KEEP,health communication,
2014,tomzBRIEF31,Shifting Positions on Abortion,JUDGEMENT,"Gender/LGBT attitudes (universal topic, US legal context)",
2014,robison539,"Strategic Frames, Value Frames, and Citizen Reactions to Elite Polarization",DROP,Partisan identity and cues,
2014,guay574,The Political Effects of Large Number Estimation,JUDGEMENT,Other,
2014,goldman507,The Victim Paradox: How Portrayals of Suffering Affect Attitudes about Gay People and Gay Rights,JUDGEMENT,"Gender/LGBT attitudes (universal topic, US legal context)",
2014,reedBR32,"When is ""bad stronger than good"" in decision making",KEEP,moral/social/cognition,
2013,martin335,Addressing privacy online: A Factorial Vignette Survey to Assess Privacy Expectations of Behavioral Advertising,KEEP,moral/social/cognition,
2013,bielby276,Americans' Support for Workplace Interventions for Combating Racial and Gender Bias: The Impact of Policy Justifications and Inequality Beliefs,DROP,US race and ethnicity framing,
2013,chiong300,An experiment on the presumption of consent to emergency medical treatment,KEEP,health communication,
2013,leeper354,Are Population-Based Survey Experiments Truly Unparalleled? A Test Using Parallel Designs,KEEP,survey methodology,
2013,ryan384,"Attitudes, Rhetoric, and Acceptance of Political Compromise",JUDGEMENT,Candidate and representation experiments (conjoint/vignette mechanics travel; parties don't),
2013,denny366,"Clarifying the Ideal Worker Norm: Workplace Evaluations of Women by Motherhood Status, Level of Involvement, and Race",KEEP,work/family/gender,
2013,looseBR11,Does Presidential Approval Influence Congressional Approval? An Order Effects Experiment,DROP,"Congress, presidency, Supreme Court, federalism",
2013,eckhousebrief24,Economic Reality or Perceived State? How Self-Interest Shapes Social Policy Preferences,JUDGEMENT,"Inequality, welfare, redistribution",
2013,johnstonbrief4,Economists and Public Opinion: Expert Consensus and Economic Policy Judgments,JUDGEMENT,Candidate and representation experiments (conjoint/vignette mechanics travel; parties don't),
2013,McGinty397,Effects of a Randomized Experiment Portraying Mental Illness and Drug Abuse as Treatable Health Conditions,KEEP,health communication,
2013,ingham423,Effects of Deliberative Minipublics on Public Opinion: Experimental Evidence from a Survey on Social Security Reform,DROP,US policy specifics,
2013,wallacebrief13,"Elites, International Law, and Public Support for Warfare",JUDGEMENT,"Foreign policy and international law (abstract scenarios, US as actor)",
2013,mccrightkaplowitz160,Examining How Message Characteristics Influence Support for Gasoline Tax Increases,KEEP,economics/behavioural,
2013,schneider377,Gender Targeting in Political Advertisements,DROP,"Congress, presidency, Supreme Court, federalism",
2013,hill329,Giving as Habit? Exploring Modes of Cognition and Charitable Donations,KEEP,economics/behavioural,
2013,keusch433,Impact of Response Scale Direction on Survey Responses to Factual/Behavioral Questions,KEEP,survey methodology,
2013,garbarski322,Improving Measurement of Self-Reported Health: Effects of Question Context and Response Order,KEEP,survey methodology,
2013,wallace362,International Law and the Credibility of Commitments,JUDGEMENT,"Foreign policy and international law (abstract scenarios, US as actor)",
2013,deppe340,Intuitive Conservatives and Analytical Liberals: Ideology and Dual-Processing Theory,DROP,Partisan identity and cues,
2013,morinchasseBR9,Moderating the Genetic Interpolation Effect,KEEP,moral/social/cognition,NEW
2013,johnstonbrief2,On the Record: Selecting Representatives on the Basis of Pork or Policy,JUDGEMENT,Candidate and representation experiments (conjoint/vignette mechanics travel; parties don't),
2013,palmer347,Personality and Resistance to Persuasion,KEEP,moral/social/cognition,
2013,beaulieu381,Political Parties and Perceptions of Election Fraud,DROP,"Congress, presidency, Supreme Court, federalism",
2013,browman297,Solo and Selfish: The Effects of Social Distancing and Rejection Sensitivity on Greedy Behavior,KEEP,moral/social/cognition,
2013,petersonbrief8,The Electoral Consequences of Policy Justifications,JUDGEMENT,Candidate and representation experiments (conjoint/vignette mechanics travel; parties don't),
2013,gadarian568,The Marginal Internality,DROP,Partisan identity and cues,
2013,Gilens419,The Salience of National Identity and Americans' Orientations Toward Subgroups,JUDGEMENT,Other,
2013,yeagerbrief6,What's the Best Way to Motivate Kids?,KEEP,moral/social/cognition,
2013,nelson326,Women on the Bench: Citizen Perceptions of Judge Sex and the Courts,JUDGEMENT,Candidate and representation experiments (conjoint/vignette mechanics travel; parties don't),
2012,jacobs087,Attitudes toward the Employment of Mothers and Fathers,KEEP,work/family/gender,
2012,wegener185,Behavioral Reactions to Skin Infections: Informing Agent-Based Modeling of the MRSA Epidemic,KEEP,health communication,
2012,schuldt301,"Believing in ""global warming"" versus ""climate change"": Exploring the psychological mechanisms of a framing effect",KEEP,economics/behavioural,
2012,kelly207,Bias and Credibility: Explaining Partisan News Choice,JUDGEMENT,"Media, misinformation, deliberation",
2012,pedulla296,"Can We Finish the Revolution? Gender, Work-Family Ideals, and Institutional Constraint",KEEP,work/family/gender,
2012,mcginty286,Dangerous People or Dangerous Guns: The Effects of Policy Frames on Mental Illness Stigma and Support for Gun Control Policy,JUDGEMENT,Other,
2012,kertzer241,Disaggregating the Costs of War: Explaining Resolve in Military Interventions,JUDGEMENT,"Foreign policy and international law (abstract scenarios, US as actor)",
2012,jerit315,Do Attempts to Improve Respondent Attention Increase Social Desirability Bias?,KEEP,survey methodology,
2012,denny262,"Examining the ‘Raced’ Fatherhood Premium: Workplace Evaluations of Men by Race, Fatherhood Status, and Level of Involvement",KEEP,work/family/gender,
2012,tasoff223,Exponential Growth Bias: Theory and Experiments,KEEP,economics/behavioural,
2012,coronel202,Framing in Noisy Informational Environments,KEEP,survey methodology,
2012,kleinberg305,Gender and Non-Attitudes on Foreign Policy,JUDGEMENT,"Foreign policy and international law (abstract scenarios, US as actor)",
2012,krupnikov245,How Candidate Race Conditions Voter Responses to Negative Ads,DROP,US race and ethnicity framing,
2012,pinkston065,Impressionable Attitudes: Re-examining the malleability of implicit attitudes,KEEP,moral/social/cognition,
2012,jacobsen176,Informing the Public or Information Overload? The influence of school accountability data format and on public satisfaction,JUDGEMENT,Other,
2012,levendusky313,Is Perceived Polarization a Self-Fulfilling Prophecy?,DROP,Partisan identity and cues,
2012,craig271,Is the Impending Majority-Minority United States Seen as a System Threat to White Americans?,DROP,US race and ethnicity framing,
2012,tucker247,"Laws, Norms, and the Motherhood/Caretaker Penalty",KEEP,work/family/gender,
2012,krupnikov332,Non-Traditional Candidates and Social Desirability Effects,DROP,US race and ethnicity framing,
2012,warren165,Panel Conditioning in Longitudinal Surveys: An Experiment,KEEP,survey methodology,
2012,anthony272,Privacy in Context: Understanding User Privacy Behavior,KEEP,moral/social/cognition,
2012,harbridge240,"Public Support for Bipartisanship in Congress: Who Compromises, How Much, and Under What Conditions?",DROP,"Congress, presidency, Supreme Court, federalism",
2012,nyhan093,Race and the Obama Muslim Myth,DROP,US race and ethnicity framing,
2012,koblitz279,Self-Affirmation and Affect: Effects on Implementation Intentions,KEEP,health communication,
2012,brandt267,Stigmatization as an Explanation for the Authoritarianism of the Uneducated,KEEP,cross-national,
2012,piazza124,Terrorism Suspect Religious Identity and Public Support for Controversial Detention and Interrogation Practices,DROP,US policy specifics,
2012,singer251,The Effect of Question Wording on Preferences for Prenatal Genetic Testing and Abortion,KEEP,survey methodology,
2012,bergan208,The Flexible Correction Model and Party Labels,DROP,Partisan identity and cues,
2012,margolis233,The Intersection of Religion and Politics: A Two-Way Street,DROP,US policy specifics,
2012,gibson230,The Legitimacy Conferring Capacity of the U.S. Supreme Court: The Influence of Institutional Symbols,DROP,"Congress, presidency, Supreme Court, federalism",
2012,berinsky228,Unmasking Expressive Responses to Political Rumor Questions Using the List Experiment,JUDGEMENT,"Media, misinformation, deliberation",
2011,kriner190,An Experimental Investigation of the Rally Around the Flag Effect,DROP,"Congress, presidency, Supreme Court, federalism",
2011,albertson096,Anxious Politics: The effects of immigration anxiety on trust and attitudes,JUDGEMENT,Immigration,
2011,hopkins145,Assessing the Breadth of Framing Effects,KEEP,survey methodology,
2011,swim059,But how do you feel about climate change? Assessing affective reactions to climate change,KEEP,economics/behavioural,
2011,sances141,Campaign Funding Disclosures and Mass Attitudes,DROP,"Congress, presidency, Supreme Court, federalism",
2011,newman062,Can an Attribution Frame Decrease the Impact of a Consideration on Presidential Approval?,DROP,"Congress, presidency, Supreme Court, federalism",
2011,downs030,Can masking of video data reduce perceived invasion of privacy?,KEEP,moral/social/cognition,
2011,schuman174,Collective Memory and Autobiographical Memory: Bridging the Divide,KEEP,moral/social/cognition,
2011,radnitz151,Determinants of Belief in Conspiracy Theories,JUDGEMENT,"Media, misinformation, deliberation",
2011,katz078,Devaluation and Valuation in the Labor Market,KEEP,work/family/gender,
2011,liberman073,Displaced International Punishment,JUDGEMENT,"Foreign policy and international law (abstract scenarios, US as actor)",
2011,shulman047,Do Data Collection Procedures Influence Political Knowledge Test Performance?,JUDGEMENT,Other,
2011,ginersorolla136,Do Injustice and Power Determine Anger and Fear Toward Terrorist Groups?,KEEP,cross-national,
2011,tannenbaum103,Do Policy Defaults Communicate Choice-Relevant Information?,KEEP,economics/behavioural,
2011,rogowski167,Electoral Choice and Political Participation,DROP,"Congress, presidency, Supreme Court, federalism",
2011,paustianunderdahl098,Gender and Physical Attractiveness as Status Beliefs,KEEP,work/family/gender,
2011,lauderdale183,Inducing Partisan Disagreements About Political Facts,DROP,Partisan identity and cues,
2011,vaala186,Marketing genius: The influence of claims and cues on parents’ evaluations of baby videos,KEEP,moral/social/cognition,
2011,lemieux146,Political Grievances and Support for Terrorism: An Experimental Approach,JUDGEMENT,"Foreign policy and international law (abstract scenarios, US as actor)",
2011,middleton115,"Priming, Projection, or Both? Reevaluating the Classic Priming Hypothesis",JUDGEMENT,Other,
2011,mcdermott004,"Protest, Policing, and Perception",JUDGEMENT,Other,
2011,flavin235,Public Attitudes about Political Equality,JUDGEMENT,Other,
2011,stephens072,"Racial Appeals in a ""Post-Racial"" Environment",DROP,US race and ethnicity framing,
2011,trawalter210,Racial Bias in Perceptions of Others’ Pain,KEEP,moral/social/cognition,
2011,baker035,Racial Prejudice and Paternalism in Mass Support for Foreign Aid,JUDGEMENT,"Foreign policy and international law (abstract scenarios, US as actor)",
2011,parmer138,Smallpox Vaccine Recommendations: Could Trust be a Shot in the Arm?,KEEP,health communication,
2011,kleykamp129,Social Desirability Bias and Support for Military Veterans of the Iraq/Afghanistan Wars,JUDGEMENT,Other,
2011,thompson157,"Terrorist Threat: Overreactions, Underreactions, and Realistic Reaction",JUDGEMENT,"Foreign policy and international law (abstract scenarios, US as actor)",
2011,ledgerwood128,The Consequences of Construing Terrorist Attacks as Suffering versus Threat,JUDGEMENT,"Foreign policy and international law (abstract scenarios, US as actor)",
2011,donovan184,The Determinants of Congressional Voting,DROP,"Congress, presidency, Supreme Court, federalism",
2011,pedulla170,"The Mechanisms of Labor Market Discrimination: How Sex, Gender Role, and Sexual Orientation Treatments Impact Evaluations of Black Male Job Applicants",DROP,US race and ethnicity framing,
2011,wallace187,The Reputational Consequences of International Law and Compliance,JUDGEMENT,"Foreign policy and international law (abstract scenarios, US as actor)",
2011,caprariello130,"To Do, to Have, or to Share? Valuing Experiences and Material Possessions by Involving Others",KEEP,moral/social/cognition,
2011,cassese094,User-Generated Political Communication: An Experimental Test of Perceived Credibility and Persuasive Impact,JUDGEMENT,"Media, misinformation, deliberation",
2011,bryan084,Voting vs. Being a Voter: Exploring the Process Behind a Phrasing Effect On Turnout,JUDGEMENT,Candidate and representation experiments (conjoint/vignette mechanics travel; parties don't),
2011,perez102,Xenophobic Rhetoric and Its Political Effects on Latinos,DROP,US race and ethnicity framing,
2010,jackson002,An Experiment in the Measurement of Social and Economic Ideology,DROP,Partisan identity and cues,
2010,banks019,Anger: Racial Resentment Drives Opposition to Health Care Reform,DROP,US race and ethnicity framing,
2010,ciuk034,Assessing the Stability of Value Systems in the Mass Public,DROP,Partisan identity and cues,
2010,croco735,"Behind The Legal Shield: International Law, Territorial Settlements and Domestic Punishment",JUDGEMENT,"Foreign policy and international law (abstract scenarios, US as actor)",
2010,barnes081,Big Trouble from Not-so-Little China: The Culture of Honor and Aggressive Opposition to China's Emergence as a World Power,JUDGEMENT,"Foreign policy and international law (abstract scenarios, US as actor)",
2010,bryan773,Boosting Voter Turnout by Invoking Identity,JUDGEMENT,Candidate and representation experiments (conjoint/vignette mechanics travel; parties don't),
2010,sadin068,Campaigning with Class: The Impact of Candidate Class Background and Current Socio-Economic Achievement on Voters’ Evaluations,JUDGEMENT,Candidate and representation experiments (conjoint/vignette mechanics travel; parties don't),
2010,johns798,Civilian casualties and support for war: A comparative study,KEEP,cross-national,
2010,budescu779,Communicating Uncertainty in the Reports of the Intergovernmental Panel on Climate Change,KEEP,economics/behavioural,
2010,kalmoe052,Consequences of Violent Political Rhetoric,JUDGEMENT,Other,
2010,grol-prokopczyk803,Does an Anchoring Vignette Character’s Sex Affect Respondents’ Ratings?,KEEP,survey methodology,
2010,eberhardt033,Does Racial Bias Influence Support for Sentencing Juveniles to Life in Prison Without the Possibility of Parole?,JUDGEMENT,Other,
2010,turaga789,"Environmental Values, Beliefs, and Behavior",KEEP,economics/behavioural,
2010,hanmer076,Experiments to Reduce the Overreporting of Voting: A Pipeline to the Truth,JUDGEMENT,Other,
2010,schnettler040,Fairness and Favorability Assessments of Differential Parental Investment in the U.S.,KEEP,work/family/gender,
2010,allcott034,"Gasoline Prices, Inattentive Consumers, and the Energy Paradox",KEEP,economics/behavioural,
2010,allcott731,"Gasoline Prices, Inattentive Consumers, and the Energy Paradox",KEEP,economics/behavioural,
2010,holman768,Gender Stereotypes in Contexts of Terror Threat,JUDGEMENT,"Foreign policy and international law (abstract scenarios, US as actor)",
2010,johnson811,"Gender Threat, Emotional Expressiveness, and Gender Differences in Risk Ratings",KEEP,work/family/gender,NEW
2010,sen-hochschild821,Genetic Genealogy as a Window into Genomic Science: Racial Boundary Blurring and Reification,DROP,US race and ethnicity framing,
2010,baruh775,Impact of Information Disclosure on the Attractiveness of a Social Network Site Profile,KEEP,moral/social/cognition,
2010,wallace016,International Law and Public Attitudes toward the Use of Torture,JUDGEMENT,"Foreign policy and international law (abstract scenarios, US as actor)",
2010,lauderdale028,Is Congress More Polarized than the Public Because it is More Informed than the Public?,DROP,Partisan identity and cues,
2010,levitan812,"Knowledge, Social Constraint, and Self-Doubt: Mechanisms of Social Network Influence on Attitude Strength",KEEP,moral/social/cognition,
2010,Michniewicz038,Men's (Mis)Perceptions of the Stigma of Unemployment,KEEP,work/family/gender,
2010,lavine760,Party over Policy or Policy over Party? The Moderating Role of Partisan Ambivalence,DROP,Partisan identity and cues,
2010,mello037,Patient Responses to Medical Error Disclosure: Does Compensation Matter?,KEEP,health communication,
2010,bauman024,Perceptions of Diversity Across Groups,KEEP,moral/social/cognition,
2010,creighton022,"Perceptions of Islam, Migration, and Citizenship in the United States: A List Experiment",JUDGEMENT,Immigration,
2010,goren054,Race and Big Government in the Age of Obama,DROP,"Congress, presidency, Supreme Court, federalism",
2010,kam-simas006,"Risk Orientations, Status Quo Frames, and Electoral Choice",DROP,"Congress, presidency, Supreme Court, federalism",
2010,burke044,Taking Race at Face Value,KEEP,moral/social/cognition,
2010,devine795,Testing Ideological Social Identity’s Effects in Party Primaries Versus General Elections,DROP,Partisan identity and cues,
2010,willer025,Testing the Effects of Message Framing on Support for Poverty Relief,JUDGEMENT,"Inequality, welfare, redistribution",
2010,burnett825,The Case of the Stolen Initiative: Were the Voters Framed?,DROP,"Congress, presidency, Supreme Court, federalism",
2010,mcilwain787,The Effects of Racist and Racial Appeals on White Voters,DROP,US race and ethnicity framing,
2010,palmer020,The Intersection of Group and Outcome Frames in Shaping Opinion,KEEP,survey methodology,
2010,gash-murakami718,Understanding How Policy Venue Influences Public Opinion,JUDGEMENT,Other,
2010,weber046,Understanding the Role of Religious Appeals in Political Communication,DROP,US policy specifics,
2010,brashears772,Weighing a Tie: Assessing Inaccuracies in the 2004 General Social Survey Network Items,DROP,US policy specifics,
2010,phamkanter033,Weight-Based Discrimination at Work,KEEP,work/family/gender,
2010,swan095,When Others' Disbelief Engenders Prejudice: Characterizing Anti-Atheist Bias in America,KEEP,cross-national,
2010,shafer012,Why Hillary Rodham Became Hillary Clinton: Consequences of Non-Traditional Last Name Choice in Marriage,KEEP,work/family/gender,
2009,morrison714,"""White"" or ""European American""? Self-identifying labels influence majority group members' interethnic attitudes",DROP,US race and ethnicity framing,
2009,berinsky-glynn736,Assessing the Prevalence of Socially Undesirable Opinions: The Use of the Double List Experiment for Variance Reduction and Diagnostics,JUDGEMENT,"Media, misinformation, deliberation",
2009,kam679,Attitudes toward Risk and Electoral Decision-Making,KEEP,economics/behavioural,
2009,spence706,Black Elite Rhetoric and American Public Opinion,DROP,US race and ethnicity framing,
2009,yeager725,Does Mentioning ‘Some People’ and ‘Other People’ in an Attitude Question Improve Measurement Quality?,KEEP,survey methodology,
2009,barnes781,Don't Tread on Me: The Culture of Honor and Militant Responses to Terrorism,JUDGEMENT,"Foreign policy and international law (abstract scenarios, US as actor)",
2009,kleck737,Experiments in the Survey Estimation of the Prevalence and Incidence of Defensive Gun Use,JUDGEMENT,Other,
2009,levine713,How to Measure Willingness to Engage in Political Action,JUDGEMENT,Other,
2009,gibson730,"Judicial Impartiality, Campaign Contributions, and Recusals: Results from a National Survey",JUDGEMENT,Candidate and representation experiments (conjoint/vignette mechanics travel; parties don't),
2009,doherty750,Legislators or Delegates? Assessing Citizens' Stated and Revealed Preferences,JUDGEMENT,Candidate and representation experiments (conjoint/vignette mechanics travel; parties don't),
2009,hochschild716,"Linked Fate, Context Effects, and Group Comparisons",DROP,US race and ethnicity framing,
2009,aroopala783,Mobilizing Collective Identity: Frames & Rational Individuals,JUDGEMENT,Other,
2009,brandt708,Onset and Offset Controllability in Perceptions and Reactions to Home Mortgage Foreclosures,KEEP,economics/behavioural,
2009,masuoka755,Racial Appeals and Political Campaigns in a Diversifying Society,DROP,US race and ethnicity framing,
2009,mccabe709,"Reframing the Marriage Debate: Wording, Context and Intensity of Support for Marriage and Civil Unions",JUDGEMENT,"Gender/LGBT attitudes (universal topic, US legal context)",
2009,finkel722,Self-Regulatory Failure and Intimate Partner Violence Perpetration,KEEP,moral/social/cognition,NEW
2009,goodwin694,The Disutility of Injustice,KEEP,moral/social/cognition,
2009,fowler700,The Effect of Political and Expert Controversy on Public Opinion: The Case of HPV Vaccine Mandates,DROP,US policy specifics,
2009,kleykamp745,The War at Home: Attitudes Toward Veterans Returning from Iraq,JUDGEMENT,Other,
2009,couper764,Vignette Study on Web Paradata,KEEP,survey methodology,
2009,levine707,What Not to Say When Asking for Donations: How the Content of Requests Affects Participation,KEEP,economics/behavioural,
2008,hochschild635,About Face: The Association between Facial Appearance and Status Attainment among Military Personnel,KEEP,moral/social/cognition,NEW
2008,nash123,Altruism versus Induced Empathy in Recruitment for Blood Donations,KEEP,health communication,
2008,willer562,An Experimental Study of the Effects of Government Terror Warnings on Political Attitudes,DROP,US policy specifics,
2008,malhotra625,Bridging Partisan Divisions over Anti-Terrorism,DROP,"Congress, presidency, Supreme Court, federalism",
2008,simas675,Church or State?: The Effect of Religious Cues on Political Judgement,DROP,US policy specifics,
2008,lee584,"Cultural Affinities, Regime Type, and Foreign Policy Opinion Formation",JUDGEMENT,"Foreign policy and international law (abstract scenarios, US as actor)",
2008,converse632,Discomfort in Disagreement with God,KEEP,moral/social/cognition,
2008,gadarian583,Fear and learning in the immigration debate,JUDGEMENT,Immigration,
2008,hopkins605,Local and National Influences on Inter-group Attitudes,JUDGEMENT,Immigration,
2008,croco637,Looking Weak in the War on Terror: Policy Consistency and International Reputations for Resolve,JUDGEMENT,"Foreign policy and international law (abstract scenarios, US as actor)",
2008,malka570,More than Ideology:  Conservative-Liberal Identity and Receptivity to Political Cues,DROP,Partisan identity and cues,
2008,turner613,Motivating Emergency Preparedness Behaviors: The Effects of Guilt Appeals and Guilty Feelings,KEEP,health communication,
2008,johnson646,Perceptions of Swearing: An Analysis of Perceived Face Threats and Communication Competence,KEEP,moral/social/cognition,
2008,glazier644,Providential Religious Beliefs and U.S. Foreign Policy,DROP,US policy specifics,
2008,jacobson591,Question Order Effects on Reported Memories and Perceptions Regarding the Iraq War,DROP,"Congress, presidency, Supreme Court, federalism",
2008,demarree684,Regulatory Focus as a Determinant of Feelings of Ambivalence and Ambivalence Reduction,KEEP,moral/social/cognition,
2008,Mettler999,Revealing the 'Hidden Welfare State': How Policy Information Influences Public Attitudes About Tax Expenditures,DROP,"Congress, presidency, Supreme Court, federalism",
2008,kam593,Risk Attitudes and Bioterrorism,JUDGEMENT,"Foreign policy and international law (abstract scenarios, US as actor)",
2008,weaver516,"The Color of the Campaign: Race, Skin Color, and Candidate Preference among Blacks and Latinos",DROP,US race and ethnicity framing,
2008,balakrishnan599,The Effect of Visual Imagery on the Formulation of Risk Perceptions,KEEP,moral/social/cognition,
2008,hilyard638,Two-Sided Messages and Pandemic Flu: Persuading the Public to Follow Contradictory Government Directives,KEEP,health communication,
2007,croco564,Changing Horses Midstream: Leadership Turnover and War Outcomes,JUDGEMENT,"Foreign policy and international law (abstract scenarios, US as actor)",
2007,shapiro554,Do International Legal Norms Affect Citizens' Willingness to Punish Foreign Human Rights Violations?,JUDGEMENT,"Foreign policy and international law (abstract scenarios, US as actor)",
2007,jerit523,Looking to the Future: How Political Rhetoric Shapes Policy Opinions,JUDGEMENT,Other,
2007,taylor515,Nature or Nurture?: Explanations for Observed Gender Differences and their Effect on Gender Ideology and Political Opinions,KEEP,work/family/gender,
2007,mccauley527,"Predictors of Activism and Radicalism: past activism, past radicalism and grievance against the government.",JUDGEMENT,Other,
2007,mccabe553,Social Desirability Bias in Estimated Support for a Black Presidential Candidate,DROP,US race and ethnicity framing,
2007,malhotra540,Sources of Blame Attribution: Citizen Attitudes Towards Public Officials after 9/11,JUDGEMENT,Other,
2007,lovaglia514,The Age-Gender Interaction Effect on Status Expectations: Investigation and Career Implications,KEEP,work/family/gender,
2007,lubner486,The Effect of Personal Experience and Mass Media on Public Confidence in Two Important Industries: Aviation and Medical Care,JUDGEMENT,Other,
2007,eaton520,The effects of gender and power on persuasion,KEEP,moral/social/cognition,
2007,barabas543,Untitled,DROP,US policy specifics,
2007,converse561,With God on Our Side,KEEP,moral/social/cognition,
2006,fong480,A randomized experiment on the determinants of generosity to the poor,KEEP,economics/behavioural,
2006,davis471,After the Storms:  Anticipated Effects of Gasoline Prices on Health Behaviors and Health-Related Consumption,JUDGEMENT,Other,
2006,simmons325,"American Attitudes Toward the International  Criminal Court: Framing Effects, Endorsement Effects, and the Idea of  Multilateral Justice",JUDGEMENT,"Foreign policy and international law (abstract scenarios, US as actor)",
2006,malhotra463,Assigning Blame: The Public’s Response to Hurricane Katrina,JUDGEMENT,Other,
2006,scott510,Courting the Public: Judicial Behavior and Public Views of Court Decisions,JUDGEMENT,Candidate and representation experiments (conjoint/vignette mechanics travel; parties don't),
2006,kurzban506,Do People Agree on how much Punishment fits Crimes?,KEEP,moral/social/cognition,
2006,prior348,"Does Self-Reported News Exposure Measure Political Interest, not Actual Exposure?",DROP,US policy specifics,
2006,aron287,Effects of Outgroup Friendship Salience on Outgroup Attitudes and Moderating Conditions,KEEP,moral/social/cognition,
2006,sinclair320,Estimating Number of Lifetime Sexual Partners: A Strategy Activation Study,KEEP,moral/social/cognition,
2006,ben-porath475,Ethnicity and Episodic Framing in the Wake of Hurricane Katrina,JUDGEMENT,Other,
2006,hanmer386,Experiments to understand how Americans react to new election procedures,JUDGEMENT,Other,
2006,conley466,From the Eye of the Beholder:Attitudes about Physical Attractiveness and their Social and Demographic Correlates,KEEP,moral/social/cognition,
2006,freeman410,Government Responsibility Attributions and the Room to Maneuver Debate,JUDGEMENT,Other,
2006,corrigan450,How Causal Attributions Influence Attitudes about Affirmative Action,DROP,US policy specifics,
2006,spence460,Internalized Consensus: The Effect of Episodic Narratives on HIV/AIDS attitudes among African Americans,DROP,US race and ethnicity framing,
2006,gangl453,"Market Populism, Cultural Conservatism and Limited Government: Examining the Complexities of Contemporary Political Ideologies",DROP,Partisan identity and cues,
2006,cimino445,Motivational Mechanisms and Hazing Behavior,KEEP,moral/social/cognition,
2006,bailenson423,"Non-Verbal Cues in Politics: Assessing the Interaction between Facial Similarity, Gender, and Candidate Visibility",JUDGEMENT,candidate/representation,NEW
2006,penny489,Perceiving Neighborhoods: Exploring the Effects of Subjective Evaluations on the Process of Social Organization,JUDGEMENT,Other,
2006,howell437,Political Elites and Public Support for War,DROP,"Congress, presidency, Supreme Court, federalism",
2006,hopkins361,Priming to Improve Survey Measurement through Anchoring Vignettes,KEEP,survey methodology,
2006,vanboven467,"Reactions to Katrina: Emotions, Stereotypes, and Policy Evaluation",JUDGEMENT,Other,
2006,schlueter435,Reducing Intergroup Bias: Does Dual Identification Help or Harm?,KEEP,moral/social/cognition,
2006,kuo415,Sources of Individual Self-Identification: An Experimental Approach,JUDGEMENT,Other,
2006,skitka436,Testing the Generalizability of the Moral Mandate Effect Under Conditions of Personal Voice,KEEP,moral/social/cognition,NEW
2006,feld344,The Appropriateness of Retaliatory Violence: Effects of Gender and Relationship,KEEP,moral/social/cognition,
2006,claassen502,The Candidate Evaluation Experiment: Testing Proximity and Directional Predictions on Policy Issues and Ideology,JUDGEMENT,candidate/representation,NEW
2006,phelan401,The impact of genetic causation of mental illness on attitudes and beliefs toward the illness,KEEP,health communication,
2006,shang411,The Impact of Information from similar or different advisors on judgment,KEEP,moral/social/cognition,
2006,levy457,The Interaction of Fear and Framing in Influencing Perceptions of the Social Security Debate:  An Internet Experiment,DROP,US policy specifics,
2006,janus297,The List Experiment as an Unobtrusive Measure of Attitudes Toward Immigration and Same-Sex Marriages,JUDGEMENT,Immigration,
2006,djupe497,The Political Impact of Message Attributes from Religious Elites,DROP,US policy specifics,
2006,garland409,"The Role of News Media and Stereotypes in  Hip-hop’s Bad Rap: Insights into narratives, movements, public opinion,  and U.S. race relations.",DROP,US race and ethnicity framing,
2006,pager276,"Who Deserves a Helping Hand?:Attitudes about  Government Assistance for the Unemployed by Race, Incarceration Status,  and Worker History",JUDGEMENT,"Inequality, welfare, redistribution",
2005,nyhan407,An Experimental Test of Verification Threats in Political Debate,DROP,"Congress, presidency, Supreme Court, federalism",
2005,kam593n,Attitudes towards Risk and the Framing of Bioterrorist Prevention Programs,JUDGEMENT,"Foreign policy and international law (abstract scenarios, US as actor)",
2005,tomz141,Audience Costs in International Crises,JUDGEMENT,"Foreign policy and international law (abstract scenarios, US as actor)",
2005,smith418,"Capitalization, self-esteem, and building social resources",KEEP,moral/social/cognition,
2005,schupp249,Determinants of Trust: A Comparative Analysis,KEEP,economics/behavioural,
2005,kim-prieto252,Effect of mood on creativity,KEEP,moral/social/cognition,
2005,goodwin369,Effects of Ostracism and Stigma on Self-Esteem,KEEP,moral/social/cognition,
2005,lemay341,Effects of Rejection on Multiple Relationships,KEEP,moral/social/cognition,
2005,cassese265,Exploring the Dynamics of Personal Threat: The Effects of Anxiety on Policy Preferences,JUDGEMENT,other,NEW
2005,reeder309,"Exploring the Generality of ""Naive Realism"": Perceptions of Bias in Others who Disagree with our Opinions",KEEP,moral/social/cognition,
2005,bizer321,Generalization of the Valence Framing Effect,KEEP,moral/social/cognition,
2005,arceneaux310,"Going Against the Grain: The Intersection of Framing, Source Credibility, and Predispositions",JUDGEMENT,"Media, misinformation, deliberation",
2005,gussin382,In the Eye of the Beholder: How Information Shortcuts Shape Individual Perceptions of Bias in the Media,JUDGEMENT,"Media, misinformation, deliberation",
2005,knowles358,Maintaining a Sense of Belonging among the Socially Isolated,KEEP,moral/social/cognition,
2005,mollborn390,Measuring Teenage Pregnancy Norms and Their Effect on Resource Provision,KEEP,work/family/gender,
2005,darley324,"Moral Luck, Loss of Chance, and Legal Liability",KEEP,moral/social/cognition,
2005,delton363,"Motivational Systems in Political Collective Action: Managing Free Riders, Exiters, and Recruits",JUDGEMENT,Other,
2005,fowler300,Party Responsiveness and Mandate Balancing,DROP,"Congress, presidency, Supreme Court, federalism",
2005,trumbo389,Perception of Synergistic Risk: Adjusted Anchoring Vignettes for Optimized Measurement,KEEP,moral/social/cognition,
2005,johnson250,Politeness Theory and Conversational Refusals,KEEP,moral/social/cognition,
2005,redlawsk188,Political Corruption and the Ethical Judgments of American Citizens,JUDGEMENT,Candidate and representation experiments (conjoint/vignette mechanics travel; parties don't),
2005,turgeon391,"Political Knowledge, Political Thought, and Citizen Competence",JUDGEMENT,Other,
2005,mitnik290,"Public Attitudes Towards a Supplementary Income  Program for Low-wage Workers: A Study of the Effects of Framing,  Distributive Justice Criteria and Material Interests",JUDGEMENT,"Inequality, welfare, redistribution",
2005,mcdermott255,Public Opinion of Congress a Causal Examination,DROP,"Congress, presidency, Supreme Court, federalism",
2005,avant313,Public Reaction to Military versus Private Security Deaths in Iraq,JUDGEMENT,Other,
2005,lasorsa251,Question Order Effects on Political Interest Reports,KEEP,survey methodology,
2005,benard241,"Statistical Discrimination, Stereotyping, and Evaluations of Worker Productivity",KEEP,work/family/gender,
2005,rashotte392,Status Effects of Gender,KEEP,work/family/gender,
2005,yocom295,Studying the Effect of Income on Punitive Attitudes with a Two-List Factorial,KEEP,economics/behavioural,
2005,wakslak371,The Dynamics of System Justification,KEEP,moral/social/cognition,
2005,kam357,The Impact of Federalism on Citizen Support for Legislative Action,DROP,"Congress, presidency, Supreme Court, federalism",
2005,pryor283,The Roots of Sexual Prejudice,JUDGEMENT,"Gender/LGBT attitudes (universal topic, US legal context)",
2005,jacoby339,Value Choices in the Mass Public: Testing for Framing Effects and Hierarchical Structure,KEEP,survey methodology,
2005,brueckner275,"When ""No"" Means ""Yes"": Measuring Social Desirability Effects on the Expression of Biological Concepts of Race",DROP,US race and ethnicity framing,
2005,weizsacker347,Who has Narrow Brackets?,KEEP,economics/behavioural,
2005,althaus388,Who Moves Presidential Approval?,DROP,"Congress, presidency, Supreme Court, federalism",
2004,burden277,Affect and Cognition in Party Identification,DROP,Partisan identity and cues,
2004,dinardo298,An Experiment on Vote Intention,DROP,"Congress, presidency, Supreme Court, federalism",
2004,berinsky282,Assuming the Costs of War: The Effects of Knowledge of Casualty Rates on Support for Military Intervention,JUDGEMENT,"Foreign policy and international law (abstract scenarios, US as actor)",
2004,mebane323,Does it Help or Hurt Kerry if Nader is on the Ballot?,DROP,"Congress, presidency, Supreme Court, federalism",
2004,visser210,Exploring the Social Bases of Attitude Strength,KEEP,moral/social/cognition,
2004,kam248,Gender and Reactions to Political Campaigns,DROP,"Congress, presidency, Supreme Court, federalism",
2004,cottrell280,General Prejudice Versus Discrete Emotions: Understanding Patterns of Intergroup Emotions,KEEP,moral/social/cognition,
2004,hutchings307,Heritage or Hate: An Examination of Attitudes on the Georgia State Flag Controversy,DROP,US race and ethnicity framing,
2004,barker171,"I Think, Therefore I Vote (Correctly?): Systematic Cognitive Processing and Electoral Behavior",DROP,Partisan identity and cues,
2004,oliver159,Measuring Perceptions and Attitudes about Overweight and Obesity,KEEP,health communication,
2004,davis240,Preferences for Immunization Coverage in Health Plans,DROP,US policy specifics,
2004,williams289,Racial Identification Confounds the Assessment of Obsessive-Compulsive Symptoms in African-Americans,DROP,US race and ethnicity framing,
2004,corrigan201,"Shame, Blame and Contamination: Mental Illness Stigma and the Family",KEEP,health communication,
2004,weaver208,The Color of the Campaign:  An Experimental Study of the Influence of Skin Color on Candidate Evaluation,DROP,US race and ethnicity framing,
2004,bodenhausen174,The Role of Gender Stereotypes in Mental Illness Stigma,KEEP,health communication,
2004,brooks242,Tone and Information in Negative Campaign Advertising,JUDGEMENT,Other,
2004,bohnet192,Trust and Risk,KEEP,economics/behavioural,
2003,tomz140,A Behavioral Theory of Political Choice,JUDGEMENT,"Foreign policy and international law (abstract scenarios, US as actor)",
2003,couper104,A Study on Race of Interviewer Effects Using Visual Cues,DROP,US race and ethnicity framing,
2003,boxer125,An Investigation of Order Effects in the Measurement of Aggression and Aggressive Cognition,KEEP,survey methodology,
2003,donovan109,Chronic Losers and Democracy,JUDGEMENT,Other,
2003,paluck144,Cognitive Representations of Social Groups and Support for Public Policies,DROP,US race and ethnicity framing,
2003,todorov169,Consequences of Misperceptions of Public Opinion for Support of Specific Foreign Policies,JUDGEMENT,"Foreign policy and international law (abstract scenarios, US as actor)",
2003,green119,Emotional Responses to Infidelity: Investigating Jealousy with a National Sample,KEEP,moral/social/cognition,
2003,houser118,Game Responses as Survey Instruments: Measuring the Constituents of Social Capital,KEEP,economics/behavioural,
2003,berinsky149,Indirect Effects of Discredited Stereotypes: Social and Political Traits in Judgments of Jewish Leaders,DROP,US race and ethnicity framing,
2003,todorov145,Misperceptions of Public Opinion on Foreign Trade Policy and Their Implications,JUDGEMENT,"Foreign policy and international law (abstract scenarios, US as actor)",
2003,schuman94,Recall vs. Judgment: Open-Closed Question Differences in Studying Collective Memory,KEEP,moral/social/cognition,
2003,graham130,"Self-Esteem, Organization of Thoughts about Partners, and Context-Dependence of Partner Views",KEEP,moral/social/cognition,
2003,hiscox136,"The Political Backlash Against Globalization? Framing Effects, Information, and Attitudes Toward Internation Trade",JUDGEMENT,"Foreign policy and international law (abstract scenarios, US as actor)",
2003,brader173,Us vs. Them?: How Threat Shapes Opinions about Immigration,JUDGEMENT,Immigration,
2003,holbrook120,Vote Over-Reporting: A Test of the Social Desirability Hypothesis,JUDGEMENT,Other,
2003,pager112,"Who Deserves a Helping Hand?: Attitudes about  Government Assistance for the Unemployed by Race, Incarceration Status,  and Worker History",JUDGEMENT,"Inequality, welfare, redistribution",
