title,topic,tess_id,socsci210_study_id,in_socsci210,rows
Do Sustainability Labels Lead to More Sustainable and Healthier Food Choices?,health communication,wolfson1443,egmxd,yes,90977
Consuming Values: Consumer Demand for Corporate Social Responsibility,economics/behavioural,conway1415,w7mnc,yes,52899
Judgments of Extremism and Social Information,cross-national,busby1344,hjn6m,yes,48550
Which College Graduates are Perceived as Trainable?,moral/social/cognition,quadlin1348,mebw9,yes,43959
Accounting for the Correlation between Perceived Risks and Rewards to Crime,economics/behavioural,bucci1408,4fsg5,yes,43105
Portrayals of Serious Mental Illness: Precursor to Violence or Treatable Condition,health communication,mcginty730,zv3wc,yes,37891
Optimizing Surveys: Gender and Health Among LGBT Americans,survey methodology,saperstein1530,pjneh,yes,37547
Impact of Response Scale Direction on Survey Responses,survey methodology,keusch433,evnyh,yes,33932
Women's College Advantage and Public Perception of College Value,moral/social/cognition,Mireles1019,m52pd,yes,32225
"Childbearing Preferences in the Face of Work, Family, and Financial Constraints",work/family/gender,behrman1586,8ctbk,yes,28228
Does Allowing Firms to Pay to Pollute Reduce the Moral Stigma of Pollution?,moral/social/cognition,kim1585,bvkfc,yes,27056
An experiment on the presumption of consent to emergency medical treatment,health communication,chiong300,3xy9j,yes,25482
Do Injustice and Power Determine Anger and Fear Toward Terrorist Groups?,cross-national,ginersorolla136,4zwv2,yes,25290
Do the benefits of receiving affectionate touch generalize,health communication,jakubiak1098,zx5b8,yes,22438
Improving Measurement of Self-Reported Health: Question Context and Response Order,survey methodology,garbarski322,5mt6r,yes,21180
"Human Rights Shaming, Compliance, and Nationalist Backlash",cross-national,terman1029,q8ra3,yes,20837
Whose is the conventional thought?,moral/social/cognition,quadlin1688,xweq8,yes,20715
Attitudes toward the Employment of Mothers and Fathers,work/family/gender,jacobs087,py9q3,yes,20030
Behavioral Reactions to Skin Infections,health communication,wegener185,jkspw,yes,19786
How to increase the acceptance of mobile app and sensor data collection?,moral/social/cognition,wenz1387,b87sm,yes,19480
Gender Inequality in Product Markets,work/family/gender,Tak862,7rt4q,yes,16972
The Division of Labor in Same-sex and Heterosexual Households,work/family/gender,doan663,3ydty,yes,16851
Assessing the Breadth of Framing Effects,survey methodology,hopkins145,4kjtn,yes,16350
Fairness and Favorability Assessments of Differential Parental Investment,work/family/gender,schnettler040,t936a,yes,15891
Public Perception of Money in Families,work/family/gender,pepin791,cug34,yes,15137
Understanding the Expense Prediction Bias,economics/behavioural,howard823,ztwqy,yes,14550
Do Attempts to Improve Respondent Attention Increase Social Desirability Bias?,survey methodology,jerit315,3bzxg,yes,13883
Devaluation and Valuation in the Labor Market,work/family/gender,katz078,ftwqy,yes,13075
Opting into Work-Family Policies,work/family/gender,pedulla821,yv2ta,yes,13070
Equivalency Framing of Societal Problems and Policy Solutions,survey methodology,stoker1063,wmsah,yes,12175
Two-Sided Collective Action: Grocery Consumers' Behavior,economics/behavioural,elliott-negri1320,x2ztf,yes,12009
The Wages of Parenthood: Sexual Orientation and Child Caregiving,work/family/gender,demerjian628,ye2ej,yes,11883
"Busyness, Idleness, and Happiness",moral/social/cognition,rifkin1073,j6xgs,yes,11748
Gender and Physical Attractiveness as Status Beliefs,work/family/gender,paustianunderdahl098,5an26,yes,11689
Self-Affirmation and Affect: Effects on Implementation Intentions,health communication,koblitz279,sh4px,yes,11532
Collective Memory and Autobiographical Memory: Bridging the Divide,moral/social/cognition,schuman174,vhycz,yes,11227
But how do you feel about climate change?,economics/behavioural,swim059,gzdnf,yes,10817
Are Population-Based Survey Experiments Truly Unparalleled?,survey methodology,leeper354,6s2q5,yes,9932
Perceptions of Diversity Across Groups,moral/social/cognition,bauman024,es4xw,yes,9891
Vignette Order and the Measurement of Subjective Well-Being,survey methodology,patelM5,6khjm,yes,9530
"Causal Attributions, Treatability, and Mental Illness Stigma",health communication,elliottM14,zaqkm,yes,9528
Conflict between curative and palliative goals,health communication,ferrer825,a42yg,yes,8524
Can masking of video data reduce perceived invasion of privacy?,moral/social/cognition,downs030,w72cz,yes,8272
The Intersection of Group and Outcome Frames,survey methodology,palmer020,r9v2d,yes,7823
What fosters patients' acceptance of Clinical Decision Support Systems?,health communication,mclaughlin672,a5v96,yes,7229
Determinants of Trust: A Comparative Analysis,economics/behavioural,schupp249,sjrpn,yes,6894
Gender Identity and Diversity,survey methodology,"sapersteinBR44, sapersteinBR46",5hqan,yes,6409
"To Do, to Have, or to Share? Experiences vs Possessions",moral/social/cognition,caprariello130,9263n,yes,6328
"Can We Finish the Revolution? Gender, Work-Family Ideals",work/family/gender,pedulla296,jmtyn,yes,6252
Inattention to Game Form,economics/behavioural,martinS11,m7vhz,yes,6048
Do Americans Think Surgeon = Male in 2019?,work/family/gender,banajiS39,yn7mx,yes,5995
Precarious Sexuality and Categorization of Sexual Orientation,survey methodology,mizeBR49,4zscf,yes,5946
Blame and Bias in Trust in Public Policy Algorithms,moral/social/cognition,ozer1324,9xw67,yes,5313
When and How Teachers Communicate Growth Mindset Affordances,moral/social/cognition,hecht1248,4w9pz,yes,4767
Taking Race at Face Value,moral/social/cognition,burke044,pxb6n,yes,4570
Emotion and Response to Physician-Provided Genetic Weight Management Messages,health communication,persky348,savkp,yes,4564
Do Policy Defaults Communicate Choice-Relevant Information?,economics/behavioural,tannenbaum103,c5r2f,yes,4375
Framing in Noisy Informational Environments,survey methodology,coronel202,sd7cf,yes,4124
Public Perceptions of Prenatal Alcohol Consumption,health communication,calarcoS38,dh3nj,yes,4001
When Others' Disbelief Engenders Prejudice: Anti-Atheist Bias,cross-national,swan095,7jt2f,yes,3053
The Barriers of Buying Happier Time,moral/social/cognition,whillans626,zrwjp,yes,2531
How Does Economic Status Affect Social Preferences?,economics/behavioural,roth766,h6zk9,yes,2269
Does Misery Love Company? Intervention to Improve Well-being,health communication,farrowS6,bf8p2,yes,1998
Cross-National Replication of Question Design Experiments,survey methodology,krosnick658,rpw4u,yes,1539
"A Piece of the Pie: Achievement, Children's Sex, and Parent Resource Distribution",work/family/gender,yurk466,,no,
A Question-Wording Experiment on Support for Free Expression,survey methodology,morganS30,,no,
A randomized experiment on the determinants of generosity to the poor,economics/behavioural,fong480,,no,
Addressing privacy online: Factorial Vignette Survey,moral/social/cognition,martin335,,no,
Altruism versus Induced Empathy in Recruitment for Blood Donations,health communication,nash123,,no,
An Experiment Testing Six Formats of 0 to 100 Rating Scales,survey methodology,liuBR33,,no,
An Investigation of Order Effects in the Measurement of Aggression,survey methodology,boxer125,,no,
Are Moral Values Uniquely Divisive?,moral/social/cognition,clifford1553,,no,
Are Religions Gender-Typed?,cross-national,schnabel903,,no,
Attitudes toward Risk and Electoral Decision-Making,economics/behavioural,kam679,,no,
"Believing in ""global warming"" versus ""climate change""",economics/behavioural,schuldt301,,no,
"Body Size, Illness, and Blame",health communication,powroznik482,,no,
"Capitalization, self-esteem, and building social resources",moral/social/cognition,smith418,,no,
Civilian casualties and support for war: A comparative study,cross-national,johns798,,no,
Clarifying the Ideal Worker Norm,work/family/gender,denny366,,no,
Communicating Uncertainty in IPCC Reports,economics/behavioural,budescu779,,no,
Complexity and Carbon Policy,economics/behavioural,voraM28,,no,
Discomfort in Disagreement with God,moral/social/cognition,converse632,,no,
Do Collective Memory and Autobiographical Memory Refer to Different Stages?,moral/social/cognition,schuman601,,no,
Do People Agree on how much Punishment fits Crimes?,moral/social/cognition,kurzban506,,no,
Do Women Make More Credible Threats? Gender Stereotypes and Crisis Bargaining,cross-national,blair1131,,no,
Does an Anchoring Vignette Character's Sex Affect Respondents' Ratings?,survey methodology,grol-prokopczyk803,,no,
Does Inequality Activate the System Justification Motivation?,moral/social/cognition,trump605,,no,
Does Mentioning 'Some People' and 'Other People' Improve Measurement Quality?,survey methodology,yeager725,,no,
Does Self-affirmation Influence Health Message Processing,health communication,xuan1195,,no,
Does Transparency Affect Survey Research?,survey methodology,krupnikov719,,no,
Draining Social Ties and Financial Decision Making,economics/behavioural,richman839,,no,
Effect of mood on creativity,moral/social/cognition,kim-prieto252,,no,
Effects of Ostracism and Stigma on Self-Esteem,moral/social/cognition,goodwin369,,no,
Effects of Outgroup Friendship Salience on Outgroup Attitudes,moral/social/cognition,aron287,,no,
Effects of Portraying Mental Illness and Drug Abuse as Treatable Health Conditions,health communication,McGinty397,,no,
Effects of Rejection on Multiple Relationships,moral/social/cognition,lemay341,,no,
Emotional Responses to Infidelity: Investigating Jealousy,moral/social/cognition,green119,,no,
"Environmental Values, Beliefs, and Behavior",economics/behavioural,turaga789,,no,
Estimating Number of Lifetime Sexual Partners,moral/social/cognition,sinclair320,,no,
"Exploring the Generality of ""Naive Realism""",moral/social/cognition,reeder309,,no,
Exploring the Social Bases of Attitude Strength,moral/social/cognition,visser210,,no,
Exponential Growth Bias: Theory and Experiments,economics/behavioural,tasoff223,,no,
From the Eye of the Beholder: Attitudes about Physical Attractiveness,moral/social/cognition,conley466,,no,
Game Responses as Survey Instruments: Social Capital,economics/behavioural,houser118,,no,
Gender and the Disparate Payoffs of Overwork,work/family/gender,munschS68,,no,
General Prejudice Versus Discrete Emotions,moral/social/cognition,cottrell280,,no,
Generalization of the Valence Framing Effect,moral/social/cognition,bizer321,,no,
Giving as Habit? Charitable Donations,economics/behavioural,hill329,,no,
How does job gender-type influence perceptions of occupational status?,work/family/gender,earecksonM38,,no,
Impact of Information Disclosure on Attractiveness of a Social Network Profile,moral/social/cognition,baruh775,,no,
Impressionable Attitudes: malleability of implicit attitudes,moral/social/cognition,pinkston065,,no,
Influence of Affect on Philosophical Intuitions,moral/social/cognition,galesic90,,no,
Interest in Cancer Screening Tests That Lack Benefits,health communication,scherer712,,no,
"Knowledge, Social Constraint, and Self-Doubt: Social Network Influence",moral/social/cognition,levitan812,,no,
"Laws, Norms, and the Motherhood/Caretaker Penalty",work/family/gender,tucker247,,no,
Lay Benchmarking of a Minimum Meaningful Effect Size,economics/behavioural,giner-sorollaB40,,no,
Maintaining a Sense of Belonging among the Socially Isolated,moral/social/cognition,knowles358,,no,
Marketing genius: claims and cues on parents' evaluations of baby videos,moral/social/cognition,vaala186,,no,
Measuring Fertility Preferences,work/family/gender,behrmanM32,,no,
Measuring Perceptions and Attitudes about Overweight and Obesity,health communication,oliver159,,no,
Measuring Teenage Pregnancy Norms,work/family/gender,mollborn390,,no,
Membership in a stigmatized religious minority and political support,cross-national,golebiowska1700,,no,
Men's Perceptions of the Stigma of Unemployment,work/family/gender,Michniewicz038,,no,
"Moral Luck, Loss of Chance, and Legal Liability",moral/social/cognition,darley324,,no,
Motivating Emergency Preparedness Behaviors: Guilt Appeals,health communication,turner613,,no,
Motivational Mechanisms and Hazing Behavior,moral/social/cognition,cimino445,,no,
Nature or Nurture? Explanations for Gender Differences,work/family/gender,taylor515,,no,
Panel Conditioning in Longitudinal Surveys,survey methodology,warren165,,no,
Paternalism and Deliberation,moral/social/cognition,grossman1691,,no,
Perception of Synergistic Risk: Adjusted Anchoring Vignettes,moral/social/cognition,trumbo389,,no,
Perceptions of Swearing,moral/social/cognition,johnson646,,no,
Personality and Resistance to Persuasion,moral/social/cognition,palmer347,,no,
Politeness Theory and Conversational Refusals,moral/social/cognition,johnson250,,no,
"Preferences or Constraints? Education, Gender, and Parenting Attitudes",work/family/gender,ishizuka661,,no,
Priming to Improve Survey Measurement through Anchoring Vignettes,survey methodology,hopkins361,,no,
Privacy in Context: User Privacy Behavior,moral/social/cognition,anthony272,,no,
Proposal to Replicate and Extend Seven TESS Studies,survey methodology,coppock696,,no,
"Prosocial Motivation, Social Position, and Support for Social Welfare Policy",economics/behavioural,wichowsky518,,no,
Public Support for Remote Work Arrangements,work/family/gender,elliottM40,,no,
Question Order Effects on Political Interest Reports,survey methodology,lasorsa251,,no,
Recall vs. Judgment: Open-Closed Question Differences in Collective Memory,moral/social/cognition,schuman94,,no,
Reducing Intergroup Bias: Does Dual Identification Help or Harm?,moral/social/cognition,schlueter435,,no,
Regulatory Focus as a Determinant of Ambivalence,moral/social/cognition,demarree684,,no,
"Replicating ""Are Survey Experiments Externally Valid?""",survey methodology,barabas1748,,no,
Replicating classic response order experiments across countries,survey methodology,see IP 8.10 for the UK arm,,no,
Self-Affirmation and Defensiveness to Health Messages,health communication,ferrer549,,no,
Self-Affirmation and Implementation Intentions,health communication,ferrer580,,no,
Self-Affirmation Intervention for Weight Bias Internalization,health communication,bowers1607,,no,
"Self-Esteem, Organization of Thoughts about Partners",moral/social/cognition,graham130,,no,
"Shame, Blame and Contamination: Mental Illness Stigma and the Family",health communication,corrigan201,,no,
Solo and Selfish: Social Distancing and Rejection Sensitivity,moral/social/cognition,browman297,,no,
"Statistical Discrimination, Stereotyping, and Evaluations of Worker Productivity",work/family/gender,benard241,,no,
Status Effects of Gender,work/family/gender,rashotte392,,no,
Stigmatization as an Explanation for the Authoritarianism of the Uneducated,cross-national,brandt267,,no,
Studying the Effect of Income on Punitive Attitudes,economics/behavioural,yocom295,,no,
Taxed or Indebted: Popular Preferences for Fiscal Instruments,economics/behavioural,maurel1594,,no,
Temporal orientation and energy saving investments,economics/behavioural,silviS56,,no,
Testing a Theory of Hybrid Femininity,work/family/gender,melin1066,,no,
The Age-Gender Interaction Effect on Status Expectations,work/family/gender,lovaglia514,,no,
The Appropriateness of Retaliatory Violence: Effects of Gender and Relationship,moral/social/cognition,feld344,,no,
The Disutility of Injustice,moral/social/cognition,goodwin694,,no,
The Dynamics of System Justification,moral/social/cognition,wakslak371,,no,
The Effect of Question Wording on Preferences for Prenatal Genetic Testing and Abortion,survey methodology,singer251,,no,
The Effect of Visual Imagery on Risk Perceptions,moral/social/cognition,balakrishnan599,,no,
The effects of gender and power on persuasion,moral/social/cognition,eaton520,,no,
The Femin[ist] Mystique,work/family/gender,connorsM26,,no,
The impact of genetic causation of mental illness on attitudes,health communication,phelan401,,no,
The Impact of Information from similar or different advisors on judgment,moral/social/cognition,shang411,,no,
The Role of Gender Stereotypes in Mental Illness Stigma,health communication,bodenhausen174,,no,
Trust and Risk,economics/behavioural,bohnet192,,no,
Two-Sided Messages and Pandemic Flu,health communication,hilyard638,,no,
Understanding Effects of Conflicting Information About Nutrition and Cancer Risk,health communication,iles1294,,no,
Value Choices in the Mass Public: Framing Effects,survey methodology,jacoby339,,no,
Vignette Study on Web Paradata,survey methodology,couper764,,no,
Weight-Based Discrimination at Work,work/family/gender,phamkanter033,,no,
What Not to Say When Asking for Donations,economics/behavioural,levine707,,no,
What's the Best Way to Motivate Kids?,moral/social/cognition,yeagerbrief6,,no,
"When is ""bad stronger than good"" in decision making",moral/social/cognition,reedBR32,,no,
Who has Narrow Brackets?,economics/behavioural,weizsacker347,,no,
Why do Governments Use Inefficient Environmental Policies?,economics/behavioural,taubinsky1559,,no,
With God on Our Side,moral/social/cognition,converse561,,no,
